domain,price,currency,date,source,venue,tld
nfts.com,2000000,USD,2022-12-31,dnjournal_ytd,,com
rocket.com,2000000,USD,2024-12-31,dnjournal_ytd,,com
connect.com,2000000,USD,2022-12-31,dnjournal_ytd,,com
gold.com,2000000,USD,2024-12-31,dnjournal_ytd,,com
it.com,2000000,USD,2022-12-31,dnjournal_ytd,,com
hippo.com,2000000,USD,2021-12-31,dnjournal_ytd,,com
christmas.com,2000000,USD,2021-12-31,dnjournal_ytd,,com
floor.com,2000000,USD,2021-12-31,dnjournal_ytd,,com
help.com,2000000,USD,2023-12-31,dnjournal_ytd,,com
marketing.com,2000000,USD,2021-12-31,dnjournal_ytd,,com
forge.com,2000000,USD,2021-12-31,dnjournal_ytd,,com
angel.com,2000000,USD,2021-12-31,dnjournal_ytd,,com
afs.com,2000000,USD,2021-12-31,dnjournal_ytd,,com
nft.com,2000000,USD,2021-12-31,dnjournal_ytd,,com
is.com,1950000,USD,2021-12-31,dnjournal_ytd,,com
exodus.com,1945000,USD,2021-12-31,dnjournal_ytd,,com
galaxy.com,1800000,USD,2022-12-31,dnjournal_ytd,,com
call.com,1600000,USD,2022-12-31,dnjournal_ytd,,com
chill.com,1600000,USD,2022-12-31,dnjournal_ytd,,com
gems.com,1500000,USD,2022-12-31,dnjournal_ytd,,com
room.com,1500000,USD,2023-12-31,dnjournal_ytd,,com
hurt.com,1500000,USD,2023-12-31,dnjournal_ytd,,com
ee.com,1350000,USD,2021-12-31,dnjournal_ytd,,com
meme.com,1250000,USD,2021-12-31,dnjournal_ytd,,com
unlock.com,1228200,USD,2022-12-31,dnjournal_ytd,,com
tp.com,1200000,USD,2024-12-31,dnjournal_ytd,,com
ballet.com,1160230,USD,2022-12-31,dnjournal_ytd,,com
near.com,1150000,USD,2021-12-31,dnjournal_ytd,,com
bullish.com,1080000,USD,2020-12-31,dnjournal_ytd,,com
stable.com,1008925,USD,2022-12-31,dnjournal_ytd,,com
ebike.com,1008900,USD,2021-12-31,dnjournal_ytd,,com
koko.com,1000000,USD,2024-12-31,dnjournal_ytd,,com
selfmade.com,977500,USD,2021-12-31,dnjournal_ytd,,com
biontech.com,950000,USD,2022-12-31,dnjournal_ytd,,com
recursion.com,904000,USD,2021-12-31,dnjournal_ytd,,com
gobet.com,850000,USD,2021-12-31,dnjournal_ytd,,com
tattoo.com,812000,USD,2021-12-31,dnjournal_ytd,,com
bankfirst.com,800000,USD,2022-12-31,dnjournal_ytd,,com
ava.com,792000,USD,2021-12-31,dnjournal_ytd,,com
poker.net,750000,USD,2021-12-31,dnjournal_ytd,,net
nas.com,720000,USD,2020-12-31,dnjournal_ytd,,com
you.ai,700000,USD,2023-12-31,dnjournal_ytd,,ai
livewire.com,632500,USD,2021-12-31,dnjournal_ytd,,com
iz.com,625000,USD,2021-12-31,dnjournal_ytd,,com
socrates.com,600000,USD,2023-12-31,dnjournal_ytd,,com
yachts.com,600000,USD,2022-12-31,dnjournal_ytd,,com
zerocarbon.com,600000,USD,2021-12-31,dnjournal_ytd,,com
ecl.com,600000,USD,2023-12-31,dnjournal_ytd,,com
iw.com,570000,USD,2022-12-31,dnjournal_ytd,,com
oa.com,554000,USD,2020-12-31,dnjournal_ytd,,com
lender.com,550000,USD,2021-12-31,dnjournal_ytd,,com
rural.com,550000,USD,2024-12-31,dnjournal_ytd,,com
continue.com,550000,USD,2024-12-31,dnjournal_ytd,,com
gcp.com,550000,USD,2022-12-31,dnjournal_ytd,,com
wolf.com,550000,USD,2021-12-31,dnjournal_ytd,,com
able.com,542500,USD,2021-12-31,dnjournal_ytd,,com
tradezero.com,540000,USD,2022-12-31,dnjournal_ytd,,com
blade.com,503000,USD,2021-12-31,dnjournal_ytd,,com
bagels.com,500000,USD,2024-12-31,dnjournal_ytd,,com
rebates.com,500000,USD,2022-12-31,dnjournal_ytd,,com
rebate.com,500000,USD,2022-12-31,dnjournal_ytd,,com
lnw.com,475000,USD,2022-12-31,dnjournal_ytd,,com
nif.com,450000,USD,2021-12-31,dnjournal_ytd,,com
employer.com,450000,USD,2024-12-31,dnjournal_ytd,,com
gosh.com,450000,USD,2024-12-31,dnjournal_ytd,,com
zag.com,450000,USD,2021-12-31,dnjournal_ytd,,com
egt.com,450000,USD,2021-12-31,dnjournal_ytd,,com
pfa.com,450000,USD,2023-12-31,dnjournal_ytd,,com
james.com,440000,USD,2021-12-31,dnjournal_ytd,,com
betcalifornia.com,425000,USD,2022-12-31,dnjournal_ytd,,com
151.com,415000,USD,2020-12-31,dnjournal_ytd,,com
solutions.com,415000,USD,2024-12-31,dnjournal_ytd,,com
snappy.com,415000,USD,2021-12-31,dnjournal_ytd,,com
asap.com,404600,USD,2024-12-31,dnjournal_ytd,,com
betting.online,400000,USD,2023-12-31,dnjournal_ytd,,online
peace.com,400000,USD,2024-12-31,dnjournal_ytd,,com
ingles.com,400000,USD,2020-12-31,dnjournal_ytd,,com
giveaway.com,400000,USD,2023-12-31,dnjournal_ytd,,com
overview.com,400000,USD,2021-12-31,dnjournal_ytd,,com
oov.com,400000,USD,2024-12-31,dnjournal_ytd,,com
fta.com,400000,USD,2021-12-31,dnjournal_ytd,,com
worldclass.com,400000,USD,2021-12-31,dnjournal_ytd,,com
boatsforsale.com,396769,USD,2020-12-31,dnjournal_ytd,,com
steam.com,390560,USD,2021-12-31,dnjournal_ytd,,com
tophotels.com,380000,USD,2023-12-31,dnjournal_ytd,,com
tbc.com,375000,USD,2021-12-31,dnjournal_ytd,,com
ddl.com,359000,USD,2022-12-31,dnjournal_ytd,,com
pfp.com,353000,USD,2023-12-31,dnjournal_ytd,,com
exclusive.com,350000,USD,2021-12-31,dnjournal_ytd,,com
babyandbeyond.com,350000,USD,2024-12-31,dnjournal_ytd,,com
arizona.com,350000,USD,2021-12-31,dnjournal_ytd,,com
velvet.com,350000,USD,2021-12-31,dnjournal_ytd,,com
bico.com,350000,USD,2021-12-31,dnjournal_ytd,,com
wwi.com,350000,USD,2024-12-31,dnjournal_ytd,,com
portugal.com,350000,USD,2021-12-31,dnjournal_ytd,,com
grt.com,336600,USD,2022-12-31,dnjournal_ytd,,com
monero.com,316250,USD,2021-12-31,dnjournal_ytd,,com
palace.com,306000,USD,2020-12-31,dnjournal_ytd,,com
tactic.com,303295,USD,2023-12-31,dnjournal_ytd,,com
pose.com,302670,USD,2024-12-31,dnjournal_ytd,,com
eth.co,300000,USD,2021-12-31,dnjournal_ytd,,co
fsl.com,300000,USD,2024-12-31,dnjournal_ytd,,com
cancel.com,300000,USD,2024-12-31,dnjournal_ytd,,com
binance.ae,300000,USD,2021-12-31,dnjournal_ytd,,ae
oet.com,300000,USD,2022-12-31,dnjournal_ytd,,com
yourride.com,300000,USD,2023-12-31,dnjournal_ytd,,com
vegetarian.com,300000,USD,2023-12-31,dnjournal_ytd,,com
txt.com,300000,USD,2023-12-31,dnjournal_ytd,,com
badger.com,300000,USD,2021-12-31,dnjournal_ytd,,com
maxima.com,295000,USD,2021-12-31,dnjournal_ytd,,com
mortgagebroker.com.au,295000,USD,2024-12-31,dnjournal_ytd,,au
trill.com,289000,USD,2024-12-31,dnjournal_ytd,,com
bowman.com,281000,USD,2021-12-31,dnjournal_ytd,,com
weshare.com,280000,USD,2021-12-31,dnjournal_ytd,,com
kick.com,276077,USD,2020-12-31,dnjournal_ytd,,com
galatea.com,275000,USD,2024-12-31,dnjournal_ytd,,com
skywin.com,275000,USD,2023-12-31,dnjournal_ytd,,com
plans.com,275000,USD,2023-12-31,dnjournal_ytd,,com
girlfriend.ai,274610,USD,2024-12-31,dnjournal_ytd,,ai
important.com,270000,USD,2021-12-31,dnjournal_ytd,,com
canadian.com,269000,USD,2021-12-31,dnjournal_ytd,,com
ipl.com,265000,USD,2024-12-31,dnjournal_ytd,,com
results.com,264000,USD,2020-12-31,dnjournal_ytd,,com
cognitiveautomation.com,260000,USD,2022-12-31,dnjournal_ytd,,com
hdl.com,260000,USD,2023-12-31,dnjournal_ytd,,com
stack.ai,258888,USD,2023-12-31,dnjournal_ytd,,ai
z.org,257000,USD,2022-12-31,dnjournal_ytd,,org
npc.ai,250000,USD,2023-12-31,dnjournal_ytd,,ai
bobber.com,250000,USD,2022-12-31,dnjournal_ytd,,com
laura.com,250000,USD,2022-12-31,dnjournal_ytd,,com
whiskey.com,250000,USD,2023-12-31,dnjournal_ytd,,com
plunge.com,250000,USD,2023-12-31,dnjournal_ytd,,com
onyx.com,250000,USD,2023-12-31,dnjournal_ytd,,com
laced.com,250000,USD,2021-12-31,dnjournal_ytd,,com
followup.com,250000,USD,2021-12-31,dnjournal_ytd,,com
sound.ai,250000,USD,2024-12-31,dnjournal_ytd,,ai
madeiniran.com,250000,USD,2024-12-31,dnjournal_ytd,,com
acquire.com,240020,USD,2022-12-31,dnjournal_ytd,,com
betz.com,240000,USD,2024-12-31,dnjournal_ytd,,com
ala.com,234000,USD,2024-12-31,dnjournal_ytd,,com
mint.io,230000,USD,2021-12-31,dnjournal_ytd,,io
timely.com,228825,USD,2024-12-31,dnjournal_ytd,,com
kindness.com,227002,USD,2022-12-31,dnjournal_ytd,,com
picture.com,225000,USD,2020-12-31,dnjournal_ytd,,com
humanity.org,225000,USD,2024-12-31,dnjournal_ytd,,org
patience.com,221780,USD,2022-12-31,dnjournal_ytd,,com
triple.com,220000,USD,2021-12-31,dnjournal_ytd,,com
gbr.com,206850,USD,2022-12-31,dnjournal_ytd,,com
cybersecurityjobs.com,205000,USD,2022-12-31,dnjournal_ytd,,com
free.co.uk,205000,USD,2020-12-31,dnjournal_ytd,,uk
fiasco.com,203500,USD,2023-12-31,dnjournal_ytd,,com
airplay.com,202000,USD,2023-12-31,dnjournal_ytd,,com
believe.com,200915,USD,2020-12-31,dnjournal_ytd,,com
shop.app,200000,USD,2020-12-31,dnjournal_ytd,,app
aoa.com,200000,USD,2020-12-31,dnjournal_ytd,,com
please.ai,200000,USD,2024-12-31,dnjournal_ytd,,ai
casino.bet,200000,USD,2024-12-31,dnjournal_ytd,,bet
yae.com,200000,USD,2022-12-31,dnjournal_ytd,,com
let.com,200000,USD,2021-12-31,dnjournal_ytd,,com
bodo.com,200000,USD,2021-12-31,dnjournal_ytd,,com
profitable.com,200000,USD,2020-12-31,dnjournal_ytd,,com
fluid.io,199995,USD,2024-12-31,dnjournal_ytd,,io
miri.com,199995,USD,2023-12-31,dnjournal_ytd,,com
bull.xyz,199888,USD,2022-12-31,dnjournal_ytd,,xyz
https.com,197000,USD,2021-12-31,dnjournal_ytd,,com
bath.com,195000,USD,2020-12-31,dnjournal_ytd,,com
palestine.com,194400,USD,2023-12-31,dnjournal_ytd,,com
rvsforsale.com,194213,USD,2021-12-31,dnjournal_ytd,,com
it.co.uk,187200,USD,2020-12-31,dnjournal_ytd,,uk
medal.com,185728,USD,2022-12-31,dnjournal_ytd,,com
betu.com,180000,USD,2021-12-31,dnjournal_ytd,,com
exchangerates.com,180000,USD,2021-12-31,dnjournal_ytd,,com
listing.com,180000,USD,2021-12-31,dnjournal_ytd,,com
electriccar.com,180000,USD,2020-12-31,dnjournal_ytd,,com
prove.com,175000,USD,2020-12-31,dnjournal_ytd,,com
solarenergy.com,175000,USD,2023-12-31,dnjournal_ytd,,com
rake.com,175000,USD,2022-12-31,dnjournal_ytd,,com
bookstore.com,175000,USD,2021-12-31,dnjournal_ytd,,com
blunt.com,175000,USD,2022-12-31,dnjournal_ytd,,com
metaverse.io,175000,USD,2021-12-31,dnjournal_ytd,,io
smartwallet.com,175000,USD,2021-12-31,dnjournal_ytd,,com
unchained.com,174999,USD,2021-12-31,dnjournal_ytd,,com
ready.org,169888,USD,2020-12-31,dnjournal_ytd,,org
dealmaker.com,168000,USD,2021-12-31,dnjournal_ytd,,com
fsm.com,161719,USD,2021-12-31,dnjournal_ytd,,com
fume.com,160000,USD,2021-12-31,dnjournal_ytd,,com
nfc.com,160000,USD,2023-12-31,dnjournal_ytd,,com
x.game,160000,USD,2024-12-31,dnjournal_ytd,,game
scottish.com,155000,USD,2021-12-31,dnjournal_ytd,,com
ecommerce.de,152000,USD,2021-12-31,dnjournal_ytd,,de
fanbase.com,151000,USD,2020-12-31,dnjournal_ytd,,com
throne.com,150000,USD,2023-12-31,dnjournal_ytd,,com
schematic.com,150000,USD,2023-12-31,dnjournal_ytd,,com
mindsprint.com,150000,USD,2024-12-31,dnjournal_ytd,,com
super.net,150000,USD,2024-12-31,dnjournal_ytd,,net
7.io,150000,USD,2024-12-31,dnjournal_ytd,,io
technologyholdings.com,150000,USD,2022-12-31,dnjournal_ytd,,com
bettingtips.com,150000,USD,2020-12-31,dnjournal_ytd,,com
swiper.com,150000,USD,2023-12-31,dnjournal_ytd,,com
copymarkets.com,150000,USD,2021-12-31,dnjournal_ytd,,com
nuum.com,150000,USD,2023-12-31,dnjournal_ytd,,com
skates.com,150000,USD,2021-12-31,dnjournal_ytd,,com
gian.com,150000,USD,2022-12-31,dnjournal_ytd,,com
cgd.com,150000,USD,2021-12-31,dnjournal_ytd,,com
cluster.com,150000,USD,2021-12-31,dnjournal_ytd,,com
hot7.com,150000,USD,2023-12-31,dnjournal_ytd,,com
mules.com,150000,USD,2021-12-31,dnjournal_ytd,,com
chronic.com,150000,USD,2021-12-31,dnjournal_ytd,,com
mindmesh.com,150000,USD,2026-06-12,dnjournal,,com
foreveryoung.com,150000,USD,2020-12-31,dnjournal_ytd,,com
eshop.com,148134,USD,2021-12-31,dnjournal_ytd,,com
memento.com,148000,USD,2020-12-31,dnjournal_ytd,,com
accelerator.com,145050,USD,2023-12-31,dnjournal_ytd,,com
skweezer.net,144000,USD,2021-12-31,dnjournal_ytd,,net
btc365.com,143480,USD,2021-12-31,dnjournal_ytd,,com
lawyersnearme.com,140409,USD,2022-12-31,dnjournal_ytd,,com
69bet.com,140000,USD,2024-12-31,dnjournal_ytd,,com
isign.com,140000,USD,2022-12-31,dnjournal_ytd,,com
zcg.com,140000,USD,2020-12-31,dnjournal_ytd,,com
golf.ai,140000,USD,2024-12-31,dnjournal_ytd,,ai
debounce.com,140000,USD,2024-12-31,dnjournal_ytd,,com
coa.com,140000,USD,2023-12-31,dnjournal_ytd,,com
cope.com,138000,USD,2021-12-31,dnjournal_ytd,,com
linktree.com,138000,USD,2021-12-31,dnjournal_ytd,,com
link.co,135000,USD,2021-12-31,dnjournal_ytd,,co
cv.co,130000,USD,2024-12-31,dnjournal_ytd,,co
majoris.com,130000,USD,2023-12-31,dnjournal_ytd,,com
win.ai,130000,USD,2024-12-31,dnjournal_ytd,,ai
riki.com,130000,USD,2024-12-31,dnjournal_ytd,,com
blueprint.ai,130000,USD,2024-12-31,dnjournal_ytd,,ai
betex.com,129995,USD,2024-12-31,dnjournal_ytd,,com
wallpapers.com,129500,USD,2020-12-31,dnjournal_ytd,,com
viv.com,129375,USD,2021-12-31,dnjournal_ytd,,com
0.io,125000,USD,2024-12-31,dnjournal_ytd,,io
agents.ai,125000,USD,2023-12-31,dnjournal_ytd,,ai
elmer.com,125000,USD,2022-12-31,dnjournal_ytd,,com
clearstreet.com,125000,USD,2021-12-31,dnjournal_ytd,,com
expireddomains.com,125000,USD,2021-12-31,dnjournal_ytd,,com
cows.com,125000,USD,2021-12-31,dnjournal_ytd,,com
live.chat,125000,USD,2020-12-31,dnjournal_ytd,,chat
proton.org,125000,USD,2022-12-31,dnjournal_ytd,,org
lendable.com,125000,USD,2020-12-31,dnjournal_ytd,,com
hero.io,125000,USD,2023-12-31,dnjournal_ytd,,io
auger.com,125000,USD,2024-12-31,dnjournal_ytd,,com
cryptouniversity.com,125000,USD,2022-12-31,dnjournal_ytd,,com
vehicle.com,121675,USD,2020-12-31,dnjournal_ytd,,com
eleven.io,121000,USD,2023-12-31,dnjournal_ytd,,io
stoneage.com,120200,USD,2023-12-31,dnjournal_ytd,,com
limit.com,120000,USD,2021-12-31,dnjournal_ytd,,com
goon.com,120000,USD,2021-12-31,dnjournal_ytd,,com
ledger.io,120000,USD,2021-12-31,dnjournal_ytd,,io
porn.co,120000,USD,2021-12-31,dnjournal_ytd,,co
ev.fr,120000,USD,2022-12-31,dnjournal_ytd,,fr
fantasy.ai,120000,USD,2024-12-31,dnjournal_ytd,,ai
secondbrain.com,120000,USD,2023-12-31,dnjournal_ytd,,com
sino.xyz,119911,USD,2022-12-31,dnjournal_ytd,,xyz
on.de,119000,USD,2021-12-31,dnjournal_ytd,,de
io.net,118000,USD,2023-12-31,dnjournal_ytd,,net
plp.com,117500,USD,2021-12-31,dnjournal_ytd,,com
plains.com,115000,USD,2020-12-31,dnjournal_ytd,,com
wbs.com,115000,USD,2020-12-31,dnjournal_ytd,,com
review.ai,115000,USD,2024-12-31,dnjournal_ytd,,ai
verano.com,115000,USD,2021-12-31,dnjournal_ytd,,com
symphonic.com,115000,USD,2021-12-31,dnjournal_ytd,,com
mixed.com,115000,USD,2022-12-31,dnjournal_ytd,,com
terry.com,114000,USD,2021-12-31,dnjournal_ytd,,com
candyshop.com,112125,USD,2021-12-31,dnjournal_ytd,,com
caretaker.com,112000,USD,2020-12-31,dnjournal_ytd,,com
veteransday.com,112000,USD,2021-12-31,dnjournal_ytd,,com
precise.ai,110000,USD,2023-12-31,dnjournal_ytd,,ai
betify.com,110000,USD,2022-12-31,dnjournal_ytd,,com
wrap.xyz,110000,USD,2022-12-31,dnjournal_ytd,,xyz
mim.com,110000,USD,2020-12-31,dnjournal_ytd,,com
bc.xyz,110000,USD,2023-12-31,dnjournal_ytd,,xyz
profile.net,108897,USD,2024-12-31,dnjournal_ytd,,net
confirm.com,108000,USD,2020-12-31,dnjournal_ytd,,com
january.com,107000,USD,2020-12-31,dnjournal_ytd,,com
vaninsurance.co.uk,106769,USD,2020-12-31,dnjournal_ytd,,uk
daga.com,106000,USD,2023-12-31,dnjournal_ytd,,com
evo.io,105000,USD,2024-12-31,dnjournal_ytd,,io
gaming.io,105000,USD,2022-12-31,dnjournal_ytd,,io
capital.xyz,105000,USD,2022-12-31,dnjournal_ytd,,xyz
crew.ai,104900,USD,2024-12-31,dnjournal_ytd,,ai
profile.xyz,104000,USD,2022-12-31,dnjournal_ytd,,xyz
sportsbet.xyz,103910,USD,2022-12-31,dnjournal_ytd,,xyz
iagent.com,102000,USD,2020-12-31,dnjournal_ytd,,com
auto.ae,101000,USD,2022-12-31,dnjournal_ytd,,ae
greenstreet.com,100890,USD,2020-12-31,dnjournal_ytd,,com
homefinance.com,100890,USD,2020-12-31,dnjournal_ytd,,com
nrh.com,100000,USD,2020-12-31,dnjournal_ytd,,com
nevis.com,100000,USD,2023-12-31,dnjournal_ytd,,com
de.fi,100000,USD,2023-12-31,dnjournal_ytd,,fi
anxiety.org,100000,USD,2023-12-31,dnjournal_ytd,,org
statistic.com,100000,USD,2023-12-31,dnjournal_ytd,,com
topfx.eu,100000,USD,2023-12-31,dnjournal_ytd,,eu
bti.com,100000,USD,2020-12-31,dnjournal_ytd,,com
b.et,100000,USD,2021-12-31,dnjournal_ytd,,et
fivenine.com,100000,USD,2020-12-31,dnjournal_ytd,,com
sleep.com.au,100000,USD,2020-12-31,dnjournal_ytd,,au
vaninsurance.com,100000,USD,2020-12-31,dnjournal_ytd,,com
interlock.com,100000,USD,2020-12-31,dnjournal_ytd,,com
wordplay.com,100000,USD,2022-12-31,dnjournal_ytd,,com
mannequin.com,100000,USD,2022-12-31,dnjournal_ytd,,com
lifeinsurance.com.au,100000,USD,2020-12-31,dnjournal_ytd,,au
winemaker.com,100000,USD,2020-12-31,dnjournal_ytd,,com
barri.com,100000,USD,2020-12-31,dnjournal_ytd,,com
meta.io,100000,USD,2021-12-31,dnjournal_ytd,,io
snitch.com,100000,USD,2024-12-31,dnjournal_ytd,,com
spring.net,100000,USD,2024-12-31,dnjournal_ytd,,net
sydneytools.com,100000,USD,2024-12-31,dnjournal_ytd,,com
open.network,100000,USD,2024-12-31,dnjournal_ytd,,network
paycard.com,100000,USD,2024-12-31,dnjournal_ytd,,com
rkx.com,100000,USD,2024-12-31,dnjournal_ytd,,com
photobooth.com,100000,USD,2024-12-31,dnjournal_ytd,,com
sandbagger.com,100000,USD,2024-12-31,dnjournal_ytd,,com
crypto.co.uk,100000,USD,2024-12-31,dnjournal_ytd,,uk
mapy.com,100000,USD,2024-12-31,dnjournal_ytd,,com
drive.us,99999,USD,2022-12-31,dnjournal_ytd,,us
hiphi.com,99999,USD,2020-12-31,dnjournal_ytd,,com
x.ar,99888,USD,2024-12-31,dnjournal_ytd,,ar
hot.co.uk,99500,USD,2022-12-31,dnjournal_ytd,,uk
thisav.com,99000,USD,2023-12-31,dnjournal_ytd,,com
stickerapp.eu,98699,USD,2026-06-11,dnjournal,Sedo,eu
m2.com,96800,USD,2022-12-31,dnjournal_ytd,,com
w.app,96000,USD,2023-12-31,dnjournal_ytd,,app
sports.gg,96000,USD,2022-12-31,dnjournal_ytd,,gg
create.xyz,95868,USD,2024-12-31,dnjournal_ytd,,xyz
twin.ai,95000,USD,2024-12-31,dnjournal_ytd,,ai
fg.org,95000,USD,2024-12-31,dnjournal_ytd,,org
expert.ai,95000,USD,2020-12-31,dnjournal_ytd,,ai
articulate.ai,95000,USD,2024-12-31,dnjournal_ytd,,ai
bezi.com,95000,USD,2023-12-31,dnjournal_ytd,,com
invent.ai,94900,USD,2024-12-31,dnjournal_ytd,,ai
lightrock.com,94888,USD,2020-12-31,dnjournal_ytd,,com
brasil.com,92250,USD,2022-12-31,dnjournal_ytd,,com
atnyumc.org,91770,USD,2026-06-12,dnjournal,Sedo,org
therapists.com,91183,USD,2020-12-31,dnjournal_ytd,,com
mountain.io,90000,USD,2022-12-31,dnjournal_ytd,,io
ukg.com,90000,USD,2020-12-31,dnjournal_ytd,,com
miami.org,90000,USD,2024-12-31,dnjournal_ytd,,org
study.ai,90000,USD,2023-12-31,dnjournal_ytd,,ai
hfm.com,90000,USD,2020-12-31,dnjournal_ytd,,com
knowledgebase.com,90000,USD,2022-12-31,dnjournal_ytd,,com
estates.com,90000,USD,2020-12-31,dnjournal_ytd,,com
travel.ai,90000,USD,2024-12-31,dnjournal_ytd,,ai
eclipse.xyz,90000,USD,2024-12-31,dnjournal_ytd,,xyz
curable.com,90000,USD,2022-12-31,dnjournal_ytd,,com
avatar.io,89999,USD,2021-12-31,dnjournal_ytd,,io
factoryoutlet.com,89999,USD,2020-12-31,dnjournal_ytd,,com
factory.io,88000,USD,2021-12-31,dnjournal_ytd,,io
ruby.io,88000,USD,2021-12-31,dnjournal_ytd,,io
own.co,87750,USD,2021-12-31,dnjournal_ytd,,co
7bet.com,86625,USD,2022-12-31,dnjournal_ytd,,com
factory.bg,86001,USD,2026-06-12,dnjournal,,bg
alex.net,85000,USD,2021-12-31,dnjournal_ytd,,net
odyssey.ai,85000,USD,2024-12-31,dnjournal_ytd,,ai
bestcrypto.com,85000,USD,2022-12-31,dnjournal_ytd,,com
buy.es,85000,USD,2023-12-31,dnjournal_ytd,,es
tranquil.com,85000,USD,2023-12-31,dnjournal_ytd,,com
airops.com,85000,USD,2022-12-31,dnjournal_ytd,,com
halo.xyz,85000,USD,2024-12-31,dnjournal_ytd,,xyz
fiduciary.com,84999,USD,2022-12-31,dnjournal_ytd,,com
vips.com,83500,USD,2022-12-31,dnjournal_ytd,,com
it.tv,83160,USD,2022-12-31,dnjournal_ytd,,tv
reservation.ai,82500,USD,2024-12-31,dnjournal_ytd,,ai
reseravtion.ai,82500,USD,2024-12-31,dnjournal_ytd,,ai
reseravtions.ai,82500,USD,2024-12-31,dnjournal_ytd,,ai
heloc.com,82500,USD,2020-12-31,dnjournal_ytd,,com
reservations.ai,82500,USD,2024-12-31,dnjournal_ytd,,ai
genie.io,82500,USD,2023-12-31,dnjournal_ytd,,io
green.earth,82000,USD,2024-12-31,dnjournal_ytd,,earth
aigenerator.com,81675,USD,2023-12-31,dnjournal_ytd,,com
khols.com,81559,USD,2020-12-31,dnjournal_ytd,,com
textfree.com,81102,USD,2024-12-31,dnjournal_ytd,,com
convergence.ai,80000,USD,2024-12-31,dnjournal_ytd,,ai
smartbockchain.com,80000,USD,2023-12-31,dnjournal_ytd,,com
onelineage.com,80000,USD,2023-12-31,dnjournal_ytd,,com
onda.com,80000,USD,2022-12-31,dnjournal_ytd,,com
27bet.com,80000,USD,2024-12-31,dnjournal_ytd,,com
world.xyz,80000,USD,2026-06-13,dnjournal,,xyz
kalibari.com,80000,USD,2020-12-31,dnjournal_ytd,,com
mybets.com,80000,USD,2023-12-31,dnjournal_ytd,,com
poker.club,80000,USD,2023-12-31,dnjournal_ytd,,club
greengarden.com,80000,USD,2020-12-31,dnjournal_ytd,,com
grades.com,80000,USD,2023-12-31,dnjournal_ytd,,com
arc.net,80000,USD,2020-12-31,dnjournal_ytd,,net
buran.com,80000,USD,2024-12-31,dnjournal_ytd,,com
thyme.com,80000,USD,2020-12-31,dnjournal_ytd,,com
archies.com,80000,USD,2023-12-31,dnjournal_ytd,,com
ml.cloud,80000,USD,2023-12-31,dnjournal_ytd,,cloud
clean.org,80000,USD,2021-12-31,dnjournal_ytd,,org
bolt.xyz,79888,USD,2022-12-31,dnjournal_ytd,,xyz
clockwork.xyz,79888,USD,2023-12-31,dnjournal_ytd,,xyz
bling.io,79444,USD,2022-12-31,dnjournal_ytd,,io
789.win,78900,USD,2023-12-31,dnjournal_ytd,,win
stuff.it,78888,USD,2022-12-31,dnjournal_ytd,,it
saudigpt.com,78600,USD,2024-12-31,dnjournal_ytd,,com
kare.it,78564,USD,2026-06-14,dnjournal,Sedo,it
giveaways.com,78000,USD,2022-12-31,dnjournal_ytd,,com
virtua.com,78000,USD,2022-12-31,dnjournal_ytd,,com
buy.ca,76557,USD,2024-12-31,dnjournal_ytd,,ca
nue.com,75500,USD,2022-12-31,dnjournal_ytd,,com
kiru.com,75415,USD,2020-12-31,dnjournal_ytd,,com
fibr.com,75000,USD,2020-12-31,dnjournal_ytd,,com
directions.com,75000,USD,2020-12-31,dnjournal_ytd,,com
listeningroom.com,75000,USD,2020-12-31,dnjournal_ytd,,com
supercoins.com,75000,USD,2020-12-31,dnjournal_ytd,,com
totalrx.com,75000,USD,2026-06-12,dnjournal,Sedo,com
download.it,75000,USD,2020-12-31,dnjournal_ytd,,it
invest.ae,75000,USD,2021-12-31,dnjournal_ytd,,ae
versus.co,75000,USD,2021-12-31,dnjournal_ytd,,co
dabble.com.au,75000,USD,2021-12-31,dnjournal_ytd,,au
qlar.com,75000,USD,2023-12-31,dnjournal_ytd,,com
kulta.com,75000,USD,2023-12-31,dnjournal_ytd,,com
cashgo.com,75000,USD,2020-12-31,dnjournal_ytd,,com
kenosha.com,75000,USD,2020-12-31,dnjournal_ytd,,com
afloat.com,75000,USD,2022-12-31,dnjournal_ytd,,com
raven.io,75000,USD,2022-12-31,dnjournal_ytd,,io
travelful.net,75000,USD,2024-12-31,dnjournal_ytd,,net
thedeeply.com,75000,USD,2024-12-31,dnjournal_ytd,,com
mylogic.com,75000,USD,2024-12-31,dnjournal_ytd,,com
cmgn.com,75000,USD,2024-12-31,dnjournal_ytd,,com
ab.org,75000,USD,2024-12-31,dnjournal_ytd,,org
operator.ai,75000,USD,2024-12-31,dnjournal_ytd,,ai
bazaart.com,75000,USD,2024-12-31,dnjournal_ytd,,com
fincas.com,75000,USD,2022-12-31,dnjournal_ytd,,com
smkt.com,75000,USD,2022-12-31,dnjournal_ytd,,com
nftauction.com,75000,USD,2022-12-31,dnjournal_ytd,,com
myfy.com,75000,USD,2024-12-31,dnjournal_ytd,,com
akira.com,75000,USD,2024-12-31,dnjournal_ytd,,com
lightbet.com,74999,USD,2024-12-31,dnjournal_ytd,,com
13bet.com,74995,USD,2024-12-31,dnjournal_ytd,,com
pixels.xyz,74988,USD,2022-12-31,dnjournal_ytd,,xyz
socrates.xyz,74888,USD,2023-12-31,dnjournal_ytd,,xyz
build.app,74238,USD,2024-12-31,dnjournal_ytd,,app
koles.com,73055,USD,2020-12-31,dnjournal_ytd,,com
astrology.ai,72000,USD,2024-12-31,dnjournal_ytd,,ai
minicrossword.com,71000,USD,2026-06-13,dnjournal,,com
kitchen.co,70000,USD,2021-12-31,dnjournal_ytd,,co
wallo.com,70000,USD,2024-12-31,dnjournal_ytd,,com
rs.de,70000,USD,2020-12-31,dnjournal_ytd,,de
mind.io,70000,USD,2024-12-31,dnjournal_ytd,,io
deflect.com,70000,USD,2024-12-31,dnjournal_ytd,,com
lowd.com,70000,USD,2022-12-31,dnjournal_ytd,,com
fm.net,70000,USD,2020-12-31,dnjournal_ytd,,net
quest.xyz,69888,USD,2021-12-31,dnjournal_ytd,,xyz
momentum.xyz,69888,USD,2022-12-31,dnjournal_ytd,,xyz
paystubs.com,68750,USD,2020-12-31,dnjournal_ytd,,com
adhoc.com,68500,USD,2024-12-31,dnjournal_ytd,,com
beecapital.com,68000,USD,2022-12-31,dnjournal_ytd,,com
corium.com,67850,USD,2020-12-31,dnjournal_ytd,,com
spaces.ca,67800,USD,2024-12-31,dnjournal_ytd,,ca
aiwriter.com,67500,USD,2023-12-31,dnjournal_ytd,,com
stairs.com,67500,USD,2020-12-31,dnjournal_ytd,,com
uncle.com,66002,USD,2020-12-31,dnjournal_ytd,,com
link.com.au,66000,USD,2020-12-31,dnjournal_ytd,,au
bright.cn,66000,USD,2021-12-31,dnjournal_ytd,,cn
webmonkey.com,65500,USD,2020-12-31,dnjournal_ytd,,com
chatroom.com,65167,USD,2020-12-31,dnjournal_ytd,,com
touchwallet.com,65000,USD,2022-12-31,dnjournal_ytd,,com
rattlesnake.com,65000,USD,2022-12-31,dnjournal_ytd,,com
repeatable.com,65000,USD,2024-12-31,dnjournal_ytd,,com
bitcoinpoker.com,65000,USD,2020-12-31,dnjournal_ytd,,com
gamegenie.com,65000,USD,2024-12-31,dnjournal_ytd,,com
boxing.io,65000,USD,2021-12-31,dnjournal_ytd,,io
normal.es,65000,USD,2023-12-31,dnjournal_ytd,,es
dropped.com,65000,USD,2022-12-31,dnjournal_ytd,,com
lvk.com,65000,USD,2024-12-31,dnjournal_ytd,,com
agentive.com,65000,USD,2022-12-31,dnjournal_ytd,,com
maga.com,65000,USD,2022-12-31,dnjournal_ytd,,com
hollywood.ai,65000,USD,2024-12-31,dnjournal_ytd,,ai
contactless.com,64998,USD,2020-12-31,dnjournal_ytd,,com
resolve.ai,64490,USD,2024-12-31,dnjournal_ytd,,ai
visionary.vc,64000,USD,2024-12-31,dnjournal_ytd,,vc
tez.in,62744,USD,2022-12-31,dnjournal_ytd,,in
ux.co,62500,USD,2021-12-31,dnjournal_ytd,,co
ma.ca,62475,USD,2022-12-31,dnjournal_ytd,,ca
matched.com,62380,USD,2023-12-31,dnjournal_ytd,,com
biti.com,61200,USD,2023-12-31,dnjournal_ytd,,com
millionaires.com,60100,USD,2023-12-31,dnjournal_ytd,,com
cogent.com,60030,USD,2020-12-31,dnjournal_ytd,,com
resurface.com,60000,USD,2020-12-31,dnjournal_ytd,,com
exports.com,60000,USD,2022-12-31,dnjournal_ytd,,com
homepage.xyz,60000,USD,2022-12-31,dnjournal_ytd,,xyz
nft.mn,60000,USD,2022-12-31,dnjournal_ytd,,mn
mayc.com,60000,USD,2022-12-31,dnjournal_ytd,,com
worm.com,60000,USD,2020-12-31,dnjournal_ytd,,com
motherduck.com,60000,USD,2022-12-31,dnjournal_ytd,,com
collab.org,60000,USD,2022-12-31,dnjournal_ytd,,org
thaicasino.com,60000,USD,2020-12-31,dnjournal_ytd,,com
punks.com,60000,USD,2020-12-31,dnjournal_ytd,,com
best.casino,60000,USD,2022-12-31,dnjournal_ytd,,casino
noba.com,60000,USD,2022-12-31,dnjournal_ytd,,com
bright.org,60000,USD,2021-12-31,dnjournal_ytd,,org
ethlink.com,60000,USD,2022-12-31,dnjournal_ytd,,com
hamilton.ai,60000,USD,2024-12-31,dnjournal_ytd,,ai
wv.de,60000,USD,2022-12-31,dnjournal_ytd,,de
flash.tv,60000,USD,2021-12-31,dnjournal_ytd,,tv
viral.io,60000,USD,2023-12-31,dnjournal_ytd,,io
af.org,60000,USD,2026-06-12,dnjournal,Sedo,org
rtbet.com,60000,USD,2023-12-31,dnjournal_ytd,,com
vital.io,60000,USD,2023-12-31,dnjournal_ytd,,io
raspberry.ai,60000,USD,2024-12-31,dnjournal_ytd,,ai
j.et,60000,USD,2022-12-31,dnjournal_ytd,,et
instruct.ai,60000,USD,2024-12-31,dnjournal_ytd,,ai
seal.io,60000,USD,2022-12-31,dnjournal_ytd,,io
mom.ai,60000,USD,2024-12-31,dnjournal_ytd,,ai
endeavor.ai,60000,USD,2024-12-31,dnjournal_ytd,,ai
boombox.ai,59995,USD,2024-12-31,dnjournal_ytd,,ai
insurancecapital.com,59995,USD,2020-12-31,dnjournal_ytd,,com
patientsrights.org,59888,USD,2021-12-31,dnjournal_ytd,,org
climateers.com,59888,USD,2023-12-31,dnjournal_ytd,,com
fortress.xyz,59888,USD,2022-12-31,dnjournal_ytd,,xyz
fem.ai,59500,USD,2024-12-31,dnjournal_ytd,,ai
gp.de,59500,USD,2021-12-31,dnjournal_ytd,,de
hotelsguide.com,59000,USD,2020-12-31,dnjournal_ytd,,com
relu.com,58888,USD,2023-12-31,dnjournal_ytd,,com
renovate.com,58000,USD,2020-12-31,dnjournal_ytd,,com
dance.co,58000,USD,2020-12-31,dnjournal_ytd,,co
gofx.com,57500,USD,2020-12-31,dnjournal_ytd,,com
q.to,57500,USD,2022-12-31,dnjournal_ytd,,to
jetski.com,57500,USD,2020-12-31,dnjournal_ytd,,com
100.co,55500,USD,2021-12-31,dnjournal_ytd,,co
bring.de,55000,USD,2024-12-31,dnjournal_ytd,,de
cap.io,55000,USD,2021-12-31,dnjournal_ytd,,io
um.co,55000,USD,2021-12-31,dnjournal_ytd,,co
toro.ai,55000,USD,2024-12-31,dnjournal_ytd,,ai
balancer.fi,55000,USD,2021-12-31,dnjournal_ytd,,fi
tau.net,55000,USD,2021-12-31,dnjournal_ytd,,net
nomos.ai,55000,USD,2023-12-31,dnjournal_ytd,,ai
anika.com,55000,USD,2020-12-31,dnjournal_ytd,,com
tiara.com,55000,USD,2020-12-31,dnjournal_ytd,,com
masa.ai,54000,USD,2024-12-31,dnjournal_ytd,,ai
blog.co.uk,54000,USD,2020-12-31,dnjournal_ytd,,uk
twelve.co,54000,USD,2021-12-31,dnjournal_ytd,,co
artemis.xyz,53899,USD,2022-12-31,dnjournal_ytd,,xyz
802.com,53499,USD,2023-12-31,dnjournal_ytd,,com
organizations.org,52500,USD,2021-12-31,dnjournal_ytd,,org
fire.co,52000,USD,2024-12-31,dnjournal_ytd,,co
hoteldeal.com,51000,USD,2023-12-31,dnjournal_ytd,,com
magnet.de,51000,USD,2023-12-31,dnjournal_ytd,,de
pluto.xyz,50904,USD,2022-12-31,dnjournal_ytd,,xyz
keys.xyz,50000,USD,2022-12-31,dnjournal_ytd,,xyz
eth.website,50000,USD,2021-12-31,dnjournal_ytd,,website
alliance.xyz,50000,USD,2021-12-31,dnjournal_ytd,,xyz
domain.io,50000,USD,2021-12-31,dnjournal_ytd,,io
swap.io,50000,USD,2021-12-31,dnjournal_ytd,,io
samur.ai,50000,USD,2021-12-31,dnjournal_ytd,,ai
rare.co,50000,USD,2021-12-31,dnjournal_ytd,,co
assistant.io,50000,USD,2022-12-31,dnjournal_ytd,,io
eth.paris,50000,USD,2021-12-31,dnjournal_ytd,,paris
mode.io,50000,USD,2022-12-31,dnjournal_ytd,,io
fin.tech,50000,USD,2024-12-31,dnjournal_ytd,,tech
electra.co,50000,USD,2022-12-31,dnjournal_ytd,,co
galileo.net,50000,USD,2022-12-31,dnjournal_ytd,,net
algo.xyz,50000,USD,2022-12-31,dnjournal_ytd,,xyz
mystic.xyz,50000,USD,2022-12-31,dnjournal_ytd,,xyz
filter.org,50000,USD,2022-12-31,dnjournal_ytd,,org
ptsd.org,50000,USD,2021-12-31,dnjournal_ytd,,org
germany.tv,50000,USD,2022-12-31,dnjournal_ytd,,tv
0.vip,50000,USD,2024-12-31,dnjournal_ytd,,vip
hop.in,50000,USD,2020-12-31,dnjournal_ytd,,in
primera.es,50000,USD,2020-12-31,dnjournal_ytd,,es
just.me,50000,USD,2020-12-31,dnjournal_ytd,,me
smartcontracts.org,50000,USD,2021-12-31,dnjournal_ytd,,org
instructions.com,50000,USD,2020-12-31,dnjournal_ytd,,com
gold.net,50000,USD,2023-12-31,dnjournal_ytd,,net
loft.ai,50000,USD,2024-12-31,dnjournal_ytd,,ai
compound.xyz,50000,USD,2026-06-14,dnjournal,Sedo,xyz
rails.xyz,50000,USD,2024-12-31,dnjournal_ytd,,xyz
elixir.xyz,50000,USD,2024-12-31,dnjournal_ytd,,xyz
speedz.com,50000,USD,2023-12-31,dnjournal_ytd,,com
energy.cloud,50000,USD,2020-12-31,dnjournal_ytd,,cloud
cardiac.com,50000,USD,2023-12-31,dnjournal_ytd,,com
li.net,50000,USD,2024-12-31,dnjournal_ytd,,net
cloudtech.com,50000,USD,2023-12-31,dnjournal_ytd,,com
mba.ai,50000,USD,2024-12-31,dnjournal_ytd,,ai
all.in,50000,USD,2024-12-31,dnjournal_ytd,,in
pics.ai,50000,USD,2023-12-31,dnjournal_ytd,,ai
bison.ai,50000,USD,2024-12-31,dnjournal_ytd,,ai
rhyme.ai,50000,USD,2024-12-31,dnjournal_ytd,,ai
1337.org,50000,USD,2023-12-31,dnjournal_ytd,,org
garden.co,50000,USD,2024-12-31,dnjournal_ytd,,co
icp.ai,50000,USD,2024-12-31,dnjournal_ytd,,ai
reflection.ai,50000,USD,2024-12-31,dnjournal_ytd,,ai
distribute.ai,50000,USD,2024-12-31,dnjournal_ytd,,ai
distro.ai,50000,USD,2024-12-31,dnjournal_ytd,,ai
authentic.ai,50000,USD,2024-12-31,dnjournal_ytd,,ai
fan.io,50000,USD,2024-12-31,dnjournal_ytd,,io
musik.de,49999,USD,2024-12-31,dnjournal_ytd,,de
skin.io,49999,USD,2021-12-31,dnjournal_ytd,,io
bitcoinetf.org,49999,USD,2023-12-31,dnjournal_ytd,,org
travelai.com,49997,USD,2023-12-31,dnjournal_ytd,,com
sun.io,49995,USD,2020-12-31,dnjournal_ytd,,io
arbet.com,49995,USD,2023-12-31,dnjournal_ytd,,com
eth.gg,49995,USD,2021-12-31,dnjournal_ytd,,gg
metadata.xyz,49888,USD,2022-12-31,dnjournal_ytd,,xyz
earlybird.xyz,49499,USD,2023-12-31,dnjournal_ytd,,xyz
sunhome.com,49491,USD,2023-12-31,dnjournal_ytd,,com
psilocybin.org,49000,USD,2021-12-31,dnjournal_ytd,,org
wallet.one,49000,USD,2022-12-31,dnjournal_ytd,,one
nomad.xyz,49000,USD,2021-12-31,dnjournal_ytd,,xyz
firestation.io,48988,USD,2024-12-31,dnjournal_ytd,,io
rabbit.io,48888,USD,2021-12-31,dnjournal_ytd,,io
jackpot.io,48500,USD,2020-12-31,dnjournal_ytd,,io
mma.bet,48000,USD,2022-12-31,dnjournal_ytd,,bet
flow.me,48000,USD,2021-12-31,dnjournal_ytd,,me
bnft.com,48000,USD,2023-12-31,dnjournal_ytd,,com
meld.ai,47500,USD,2024-12-31,dnjournal_ytd,,ai
regeneration.co,47350,USD,2023-12-31,dnjournal_ytd,,co
via.ai,47000,USD,2024-12-31,dnjournal_ytd,,ai
uww.org,47000,USD,2021-12-31,dnjournal_ytd,,org
april.no,46686,USD,2026-06-12,dnjournal,,no
chuck.io,46250,USD,2021-12-31,dnjournal_ytd,,io
aim.io,45101,USD,2023-12-31,dnjournal_ytd,,io
payments.co,45000,USD,2023-12-31,dnjournal_ytd,,co
eth.green,45000,USD,2021-12-31,dnjournal_ytd,,green
divorce.ai,45000,USD,2024-12-31,dnjournal_ytd,,ai
movies.net,45000,USD,2020-12-31,dnjournal_ytd,,net
bit.cloud,45000,USD,2021-12-31,dnjournal_ytd,,cloud
surgery.tv,45000,USD,2021-12-31,dnjournal_ytd,,tv
heyday.co,45000,USD,2020-12-31,dnjournal_ytd,,co
strawberry.ai,45000,USD,2024-12-31,dnjournal_ytd,,ai
growth.ai,45000,USD,2021-12-31,dnjournal_ytd,,ai
club.io,45000,USD,2021-12-31,dnjournal_ytd,,io
me.nu,45000,USD,2020-12-31,dnjournal_ytd,,nu
salt.ai,45000,USD,2024-12-31,dnjournal_ytd,,ai
utn.net,45000,USD,2022-12-31,dnjournal_ytd,,net
perfectos.be,45000,USD,2020-12-31,dnjournal_ytd,,be
inventive.ai,44900,USD,2024-12-31,dnjournal_ytd,,ai
sportsbet.ca,44814,USD,2020-12-31,dnjournal_ytd,,ca
more.ai,44321,USD,2023-12-31,dnjournal_ytd,,ai
rep.ai,43500,USD,2024-12-31,dnjournal_ytd,,ai
casinoapps.org,42500,USD,2022-12-31,dnjournal_ytd,,org
pose.ai,42500,USD,2024-12-31,dnjournal_ytd,,ai
cloud.me,42500,USD,2024-12-31,dnjournal_ytd,,me
relax.ai,42000,USD,2024-12-31,dnjournal_ytd,,ai
gm.ai,42000,USD,2024-12-31,dnjournal_ytd,,ai
craft.org,41000,USD,2024-12-31,dnjournal_ytd,,org
a.game,40888,USD,2022-12-31,dnjournal_ytd,,game
helptobuy.org.uk,40251,USD,2020-12-31,dnjournal_ytd,,uk
saber.ai,40000,USD,2024-12-31,dnjournal_ytd,,ai
cotton.ai,40000,USD,2024-12-31,dnjournal_ytd,,ai
across.ai,40000,USD,2024-12-31,dnjournal_ytd,,ai
chroma.xyz,40000,USD,2022-12-31,dnjournal_ytd,,xyz
ceramic.ai,40000,USD,2024-12-31,dnjournal_ytd,,ai
liftoff.ai,40000,USD,2024-12-31,dnjournal_ytd,,ai
wp.cloud,40000,USD,2021-12-31,dnjournal_ytd,,cloud
clarify.ai,40000,USD,2024-12-31,dnjournal_ytd,,ai
gathr.ai,40000,USD,2024-12-31,dnjournal_ytd,,ai
credit.de,40000,USD,2021-12-31,dnjournal_ytd,,de
kinetic.xyz,40000,USD,2022-12-31,dnjournal_ytd,,xyz
h.vip,40000,USD,2023-12-31,dnjournal_ytd,,vip
accent.ai,40000,USD,2024-12-31,dnjournal_ytd,,ai
bags.co.uk,40000,USD,2020-12-31,dnjournal_ytd,,uk
lore.xyz,40000,USD,2022-12-31,dnjournal_ytd,,xyz
maggie.ai,40000,USD,2024-12-31,dnjournal_ytd,,ai
p.vip,40000,USD,2023-12-31,dnjournal_ytd,,vip
profile.link,40000,USD,2024-12-31,dnjournal_ytd,,link
operator.xyz,40000,USD,2024-12-31,dnjournal_ytd,,xyz
huge.org,40000,USD,2024-12-31,dnjournal_ytd,,org
voice.art,40000,USD,2024-12-31,dnjournal_ytd,,art
blaze.ai,40000,USD,2023-12-31,dnjournal_ytd,,ai
territory.xyz,39888,USD,2022-12-31,dnjournal_ytd,,xyz
mural.xyz,39888,USD,2022-12-31,dnjournal_ytd,,xyz
evaluate.xyz,39888,USD,2022-12-31,dnjournal_ytd,,xyz
bebop.xyz,39888,USD,2022-12-31,dnjournal_ytd,,xyz
taiko.xyz,39888,USD,2022-12-31,dnjournal_ytd,,xyz
habibi.xyz,39888,USD,2024-12-31,dnjournal_ytd,,xyz
ppt.ai,39000,USD,2024-12-31,dnjournal_ytd,,ai
m.community,38888,USD,2021-12-31,dnjournal_ytd,,community
copilot.xyz,38599,USD,2023-12-31,dnjournal_ytd,,xyz
it.cm,38500,USD,2022-12-31,dnjournal_ytd,,cm
gravity.net,38500,USD,2020-12-31,dnjournal_ytd,,net
5555.net,38286,USD,2020-12-31,dnjournal_ytd,,net
px.io,38000,USD,2023-12-31,dnjournal_ytd,,io
metaavatars.net,38000,USD,2021-12-31,dnjournal_ytd,,net
blackswan.ai,37500,USD,2024-12-31,dnjournal_ytd,,ai
founders.net,37500,USD,2020-12-31,dnjournal_ytd,,net
collective.xyz,37000,USD,2021-12-31,dnjournal_ytd,,xyz
vip.org,36888,USD,2022-12-31,dnjournal_ytd,,org
mortgage.org,36500,USD,2020-12-31,dnjournal_ytd,,org
ruya.ai,36000,USD,2024-12-31,dnjournal_ytd,,ai
maz.ai,36000,USD,2024-12-31,dnjournal_ytd,,ai
krypto.de,35700,USD,2022-12-31,dnjournal_ytd,,de
pornos.de,35000,USD,2023-12-31,dnjournal_ytd,,de
stake.co.uk,35000,USD,2021-12-31,dnjournal_ytd,,uk
intangible.ai,35000,USD,2024-12-31,dnjournal_ytd,,ai
mill.co,35000,USD,2021-12-31,dnjournal_ytd,,co
penny.ai,35000,USD,2024-12-31,dnjournal_ytd,,ai
itjobs.mx,35000,USD,2022-12-31,dnjournal_ytd,,mx
fitness.club,35000,USD,2023-12-31,dnjournal_ytd,,club
testimonial.io,35000,USD,2022-12-31,dnjournal_ytd,,io
encyclopedia.ai,35000,USD,2024-12-31,dnjournal_ytd,,ai
abode.org,35000,USD,2023-12-31,dnjournal_ytd,,org
recognize.io,35000,USD,2022-12-31,dnjournal_ytd,,io
metadating.net,35000,USD,2021-12-31,dnjournal_ytd,,net
upper.co,35000,USD,2020-12-31,dnjournal_ytd,,co
novo.co,35000,USD,2021-12-31,dnjournal_ytd,,co
noah.me,35000,USD,2022-12-31,dnjournal_ytd,,me
portfolio.io,35000,USD,2021-12-31,dnjournal_ytd,,io
roundtable.xyz,35000,USD,2022-12-31,dnjournal_ytd,,xyz
picks.ai,35000,USD,2024-12-31,dnjournal_ytd,,ai
pafikotabogor.org,35000,USD,2024-12-31,dnjournal_ytd,,org
doris.ai,35000,USD,2024-12-31,dnjournal_ytd,,ai
vero.ai,35000,USD,2024-12-31,dnjournal_ytd,,ai
anthology.ai,35000,USD,2024-12-31,dnjournal_ytd,,ai
mew.xyz,35000,USD,2022-12-31,dnjournal_ytd,,xyz
space.co.uk,35000,USD,2024-12-31,dnjournal_ytd,,uk
receivable.ai,35000,USD,2024-12-31,dnjournal_ytd,,ai
noticias.tv,35000,USD,2021-12-31,dnjournal_ytd,,tv
witness.ai,35000,USD,2024-12-31,dnjournal_ytd,,ai
vue.io,35000,USD,2021-12-31,dnjournal_ytd,,io
buy.co,35000,USD,2021-12-31,dnjournal_ytd,,co
teach.io,35000,USD,2021-12-31,dnjournal_ytd,,io
archon.tech,35000,USD,2026-06-14,dnjournal,Sedo,tech
pfp.xyz,34999,USD,2022-12-31,dnjournal_ytd,,xyz
squid.xyz,34888,USD,2021-12-31,dnjournal_ytd,,xyz
backpack.xyz,34888,USD,2024-12-31,dnjournal_ytd,,xyz
j.vip,34500,USD,2023-12-31,dnjournal_ytd,,vip
finances.ca,34500,USD,2020-12-31,dnjournal_ytd,,ca
tree.com.au,34407,USD,2023-12-31,dnjournal_ytd,,au
polyester.ai,34000,USD,2024-12-31,dnjournal_ytd,,ai
med.io,33684,USD,2024-12-31,dnjournal_ytd,,io
seattle.org,33350,USD,2024-12-31,dnjournal_ytd,,org
aero.ai,33333,USD,2024-12-31,dnjournal_ytd,,ai
leaders.ai,33000,USD,2024-12-31,dnjournal_ytd,,ai
apprenticeships.org,33000,USD,2023-12-31,dnjournal_ytd,,org
an.net,33000,USD,2022-12-31,dnjournal_ytd,,net
bu.lu,33000,USD,2022-12-31,dnjournal_ytd,,lu
spindle.ai,32560,USD,2024-12-31,dnjournal_ytd,,ai
diy.tv,32500,USD,2020-12-31,dnjournal_ytd,,tv
baby.ai,32500,USD,2024-12-31,dnjournal_ytd,,ai
tights.co.uk,32250,USD,2020-12-31,dnjournal_ytd,,uk
alpha.co.uk,32000,USD,2021-12-31,dnjournal_ytd,,uk
pie.co,32000,USD,2021-12-31,dnjournal_ytd,,co
tourist.de,32000,USD,2020-12-31,dnjournal_ytd,,de
shoplocal.org,32000,USD,2021-12-31,dnjournal_ytd,,org
kidneyurology.org,32000,USD,2022-12-31,dnjournal_ytd,,org
hub.xyz,31900,USD,2024-12-31,dnjournal_ytd,,xyz
sound.de,31500,USD,2021-12-31,dnjournal_ytd,,de
mentalhealthcenter.org,31500,USD,2023-12-31,dnjournal_ytd,,org
push.org,31243,USD,2022-12-31,dnjournal_ytd,,org
routine.co,31000,USD,2020-12-31,dnjournal_ytd,,co
cannabis.ch,31000,USD,2022-12-31,dnjournal_ytd,,ch
healthcare.uk,30450,USD,2020-12-31,dnjournal_ytd,,uk
eth.black,30000,USD,2021-12-31,dnjournal_ytd,,black
metarooms.net,30000,USD,2021-12-31,dnjournal_ytd,,net
je.de,30000,USD,2021-12-31,dnjournal_ytd,,de
ofertas.es,30000,USD,2021-12-31,dnjournal_ytd,,es
wilhelmus.nl,30000,USD,2021-12-31,dnjournal_ytd,,nl
maha.xyz,30000,USD,2024-12-31,dnjournal_ytd,,xyz
games.de,30000,USD,2022-12-31,dnjournal_ytd,,de
tree.io,30000,USD,2021-12-31,dnjournal_ytd,,io
imtoken.cn,30000,USD,2021-12-31,dnjournal_ytd,,cn
hae.co,30000,USD,2021-12-31,dnjournal_ytd,,co
metafb.net,30000,USD,2021-12-31,dnjournal_ytd,,net
eth.pink,30000,USD,2021-12-31,dnjournal_ytd,,pink
promi.de,30000,USD,2021-12-31,dnjournal_ytd,,de
pock.et,30000,USD,2022-12-31,dnjournal_ytd,,et
cloud-hosting.blog,30000,USD,2022-12-31,dnjournal_ytd,,blog
jd.de,30000,USD,2021-12-31,dnjournal_ytd,,de
drop.xyz,30000,USD,2021-12-31,dnjournal_ytd,,xyz
peach.tv,30000,USD,2021-12-31,dnjournal_ytd,,tv
hosting-cloud.blog,30000,USD,2022-12-31,dnjournal_ytd,,blog
kupon.com,30000,USD,2026-06-14,dnjournal,Sedo,com
lasvegas.in,30000,USD,2022-12-31,dnjournal_ytd,,in
gov.de,30000,USD,2023-12-31,dnjournal_ytd,,de
apostalegal.com.br,30000,USD,2023-12-31,dnjournal_ytd,,br
links.to,30000,USD,2021-12-31,dnjournal_ytd,,to
r.vip,30000,USD,2023-12-31,dnjournal_ytd,,vip
editpad.org,30000,USD,2021-12-31,dnjournal_ytd,,org
cloak.net,29988,USD,2023-12-31,dnjournal_ytd,,net
parametric.xyz,29888,USD,2022-12-31,dnjournal_ytd,,xyz
anagram.xyz,29888,USD,2022-12-31,dnjournal_ytd,,xyz
hyperchain.org,29888,USD,2023-12-31,dnjournal_ytd,,org
otherside.xyz,29888,USD,2022-12-31,dnjournal_ytd,,xyz
parasol.xyz,29888,USD,2022-12-31,dnjournal_ytd,,xyz
wi.de,29750,USD,2020-12-31,dnjournal_ytd,,de
osiro.com,29000,USD,2026-06-11,dnjournal,Sedo,com
mad.io,29000,USD,2021-12-31,dnjournal_ytd,,io
holland.de,29000,USD,2020-12-31,dnjournal_ytd,,de
polly.io,28888,USD,2021-12-31,dnjournal_ytd,,io
tiger.io,28888,USD,2020-12-31,dnjournal_ytd,,io
pop.shop,28650,USD,2020-12-31,dnjournal_ytd,,shop
c.live,28500,USD,2020-12-31,dnjournal_ytd,,live
cmder.net,28500,USD,2023-12-31,dnjournal_ytd,,net
kylin.xyz,28394,USD,2022-12-31,dnjournal_ytd,,xyz
chess.ru,28234,USD,2023-12-31,dnjournal_ytd,,ru
shark.ai,28000,USD,2023-12-31,dnjournal_ytd,,ai
redeem.xyz,28000,USD,2022-12-31,dnjournal_ytd,,xyz
circa.co,28000,USD,2020-12-31,dnjournal_ytd,,co
n.vip,28000,USD,2023-12-31,dnjournal_ytd,,vip
agora.xyz,27888,USD,2021-12-31,dnjournal_ytd,,xyz
flip.xyz,27888,USD,2021-12-31,dnjournal_ytd,,xyz
campground.xyz,27888,USD,2022-12-31,dnjournal_ytd,,xyz
kindred.xyz,27888,USD,2022-12-31,dnjournal_ytd,,xyz
dn.io,27500,USD,2023-12-31,dnjournal_ytd,,io
brilliant.net,27500,USD,2020-12-31,dnjournal_ytd,,net
civ.co,27500,USD,2023-12-31,dnjournal_ytd,,co
casinoapps.net,27500,USD,2023-12-31,dnjournal_ytd,,net
pagoda.co,27500,USD,2022-12-31,dnjournal_ytd,,co
scp.eu,27500,USD,2022-12-31,dnjournal_ytd,,eu
cargo.co,27500,USD,2021-12-31,dnjournal_ytd,,co
evolution.io,27500,USD,2021-12-31,dnjournal_ytd,,io
xm.net.au,27500,USD,2023-12-31,dnjournal_ytd,,au
metafb.org,27088,USD,2021-12-31,dnjournal_ytd,,org
ipl.net,27000,USD,2024-12-31,dnjournal_ytd,,net
petnet.io,26725,USD,2021-12-31,dnjournal_ytd,,io
localize.ai,26500,USD,2023-12-31,dnjournal_ytd,,ai
equation.org,26250,USD,2022-12-31,dnjournal_ytd,,org
go.link,26000,USD,2020-12-31,dnjournal_ytd,,link
power.org,26000,USD,2022-12-31,dnjournal_ytd,,org
art.pro,25999,USD,2020-12-31,dnjournal_ytd,,pro
dmer.org,25600,USD,2023-12-31,dnjournal_ytd,,org
iu.de,25520,USD,2020-12-31,dnjournal_ytd,,de
ton.cloud,25300,USD,2024-12-31,dnjournal_ytd,,cloud
e.company,25105,USD,2020-12-31,dnjournal_ytd,,company
it.kz,25000,USD,2021-12-31,dnjournal_ytd,,kz
m.chat,25000,USD,2021-12-31,dnjournal_ytd,,chat
utn.de,25000,USD,2021-12-31,dnjournal_ytd,,de
optimize.io,25000,USD,2021-12-31,dnjournal_ytd,,io
palm.io,25000,USD,2021-12-31,dnjournal_ytd,,io
vpn.in,25000,USD,2020-12-31,dnjournal_ytd,,in
regal.de,25000,USD,2020-12-31,dnjournal_ytd,,de
coach.co,25000,USD,2020-12-31,dnjournal_ytd,,co
nmf.org,25000,USD,2021-12-31,dnjournal_ytd,,org
yh.io,25000,USD,2021-12-31,dnjournal_ytd,,io
doge.net,25000,USD,2021-12-31,dnjournal_ytd,,net
yeti.net,25000,USD,2021-12-31,dnjournal_ytd,,net
broadcast.co,25000,USD,2022-12-31,dnjournal_ytd,,co
prelude.co,25000,USD,2021-12-31,dnjournal_ytd,,co
amaze.co,25000,USD,2021-12-31,dnjournal_ytd,,co
board.ai,25000,USD,2021-12-31,dnjournal_ytd,,ai
streamer.com.au,25000,USD,2021-12-31,dnjournal_ytd,,au
t.gl,25000,USD,2021-12-31,dnjournal_ytd,,gl
o-office.de,25000,USD,2021-12-31,dnjournal_ytd,,de
vk.shop,25000,USD,2020-12-31,dnjournal_ytd,,shop
jane.ca,25000,USD,2020-12-31,dnjournal_ytd,,ca
scalar.de,25000,USD,2022-12-31,dnjournal_ytd,,de
field.ai,25000,USD,2023-12-31,dnjournal_ytd,,ai
maxed.co,25000,USD,2023-12-31,dnjournal_ytd,,co
qm.de,25000,USD,2023-12-31,dnjournal_ytd,,de
pen.ai,25000,USD,2023-12-31,dnjournal_ytd,,ai
regal.co,25000,USD,2021-12-31,dnjournal_ytd,,co
265.cc,25000,USD,2020-12-31,dnjournal_ytd,,cc
joyful.co,25000,USD,2021-12-31,dnjournal_ytd,,co
rely.co.uk,25000,USD,2021-12-31,dnjournal_ytd,,uk
gene.ai,25000,USD,2022-12-31,dnjournal_ytd,,ai
wmx.co,25000,USD,2022-12-31,dnjournal_ytd,,co
itjobs.tw,25000,USD,2022-12-31,dnjournal_ytd,,tw
highlight.io,25000,USD,2022-12-31,dnjournal_ytd,,io
omni.app,25000,USD,2022-12-31,dnjournal_ytd,,app
hd.today,25000,USD,2022-12-31,dnjournal_ytd,,today
joy.xyz,25000,USD,2022-12-31,dnjournal_ytd,,xyz
seda.xyz,25000,USD,2022-12-31,dnjournal_ytd,,xyz
business.law,24999,USD,2023-12-31,dnjournal_ytd,,law
flyr.ai,24999,USD,2023-12-31,dnjournal_ytd,,ai
affinity.xyz,24999,USD,2022-12-31,dnjournal_ytd,,xyz
qr.code,24999,USD,2022-12-31,dnjournal_ytd,,code
alva.xyz,24988,USD,2023-12-31,dnjournal_ytd,,xyz
mythic.xyz,24980,USD,2022-12-31,dnjournal_ytd,,xyz
dv.net,24900,USD,2022-12-31,dnjournal_ytd,,net
gosh.xyz,24888,USD,2024-12-31,dnjournal_ytd,,xyz
singular.xyz,24500,USD,2022-12-31,dnjournal_ytd,,xyz
sentry.co,24450,USD,2021-12-31,dnjournal_ytd,,co
reality.app,24000,USD,2020-12-31,dnjournal_ytd,,app
sales.co,24000,USD,2023-12-31,dnjournal_ytd,,co
adsmeda.xyz,24000,USD,2022-12-31,dnjournal_ytd,,xyz
poker.pro,24000,USD,2024-12-31,dnjournal_ytd,,pro
me.app,24000,USD,2020-12-31,dnjournal_ytd,,app
smartcontracts.dev,24000,USD,2022-12-31,dnjournal_ytd,,dev
litmus.ai,24000,USD,2023-12-31,dnjournal_ytd,,ai
ki-jobs.de,23812,USD,2026-06-14,dnjournal,,de
htm.de,23800,USD,2021-12-31,dnjournal_ytd,,de
hs.de,23800,USD,2020-12-31,dnjournal_ytd,,de
wowcasino.co.uk,23750,USD,2020-12-31,dnjournal_ytd,,uk
uof.ca,23500,USD,2021-12-31,dnjournal_ytd,,ca
osiris.net,23500,USD,2023-12-31,dnjournal_ytd,,net
vvv.net,23500,USD,2024-12-31,dnjournal_ytd,,net
direct.ai,23500,USD,2023-12-31,dnjournal_ytd,,ai
allocate.co,23500,USD,2021-12-31,dnjournal_ytd,,co
celestia.org,23400,USD,2021-12-31,dnjournal_ytd,,org
centerwest.org,23350,USD,2023-12-31,dnjournal_ytd,,org
webmail.de,23055,USD,2023-12-31,dnjournal_ytd,,de
frank.co,23000,USD,2021-12-31,dnjournal_ytd,,co
naked.tv,23000,USD,2021-12-31,dnjournal_ytd,,tv
be.de,23000,USD,2020-12-31,dnjournal_ytd,,de
spark.fi,22700,USD,2023-12-31,dnjournal_ytd,,fi
sonik.net,22500,USD,2021-12-31,dnjournal_ytd,,net
menu.co.uk,22500,USD,2021-12-31,dnjournal_ytd,,uk
law.co,22500,USD,2022-12-31,dnjournal_ytd,,co
in.club,22500,USD,2021-12-31,dnjournal_ytd,,club
coinpay.io,22500,USD,2020-12-31,dnjournal_ytd,,io
nos.org,22379,USD,2022-12-31,dnjournal_ytd,,org
siren.xyz,22310,USD,2021-12-31,dnjournal_ytd,,xyz
antelope.io,22200,USD,2022-12-31,dnjournal_ytd,,io
birk.org,22000,USD,2024-12-31,dnjournal_ytd,,org
company.ch,22000,USD,2020-12-31,dnjournal_ytd,,ch
declare.co,22000,USD,2020-12-31,dnjournal_ytd,,co
a.company,22000,USD,2021-12-31,dnjournal_ytd,,company
fans.tv,22000,USD,2020-12-31,dnjournal_ytd,,tv
greenland.org,21999,USD,2020-12-31,dnjournal_ytd,,org
share.net,21889,USD,2021-12-31,dnjournal_ytd,,net
paper.cloud,21888,USD,2023-12-31,dnjournal_ytd,,cloud
vas.com.au,21666,USD,2020-12-31,dnjournal_ytd,,au
punter.co.uk,21600,USD,2023-12-31,dnjournal_ytd,,uk
genesis.xyz,21399,USD,2021-12-31,dnjournal_ytd,,xyz
pp.org,21000,USD,2022-12-31,dnjournal_ytd,,org
termine.de,21000,USD,2021-12-31,dnjournal_ytd,,de
pay.day,21000,USD,2024-12-31,dnjournal_ytd,,day
tipps.de,21000,USD,2022-12-31,dnjournal_ytd,,de
spectral.xyz,20933,USD,2024-12-31,dnjournal_ytd,,xyz
free.bet,20500,USD,2020-12-31,dnjournal_ytd,,bet
treatment.org,20500,USD,2022-12-31,dnjournal_ytd,,org
power.cloud,20300,USD,2020-12-31,dnjournal_ytd,,cloud
e-commerce.de,20230,USD,2021-12-31,dnjournal_ytd,,de
aspergerssyndrome.org,20222,USD,2022-12-31,dnjournal_ytd,,org
game.co,20080,USD,2022-12-31,dnjournal_ytd,,co
build.se,20010,USD,2026-06-11,dnjournal,,se
tvbet.com.br,20001,USD,2023-12-31,dnjournal_ytd,,br
unitary.io,20000,USD,2022-12-31,dnjournal_ytd,,io
gartencenter.de,20000,USD,2021-12-31,dnjournal_ytd,,de
cantina.xyz,20000,USD,2023-12-31,dnjournal_ytd,,xyz
sls.guru,20000,USD,2023-12-31,dnjournal_ytd,,guru
rugs.se,20000,USD,2023-12-31,dnjournal_ytd,,se
vip.ai,20000,USD,2023-12-31,dnjournal_ytd,,ai
offers.bet,20000,USD,2021-12-31,dnjournal_ytd,,bet
bcc.co.uk,20000,USD,2021-12-31,dnjournal_ytd,,uk
esn.co.uk,20000,USD,2021-12-31,dnjournal_ytd,,uk
world.charity,20000,USD,2024-12-31,dnjournal_ytd,,charity
av.ca,20000,USD,2023-12-31,dnjournal_ytd,,ca
policies.org,20000,USD,2024-12-31,dnjournal_ytd,,org
sin.net,20000,USD,2021-12-31,dnjournal_ytd,,net
deals.de,20000,USD,2022-12-31,dnjournal_ytd,,de
nya.net,20000,USD,2024-12-31,dnjournal_ytd,,net
smart.domains,20000,USD,2024-12-31,dnjournal_ytd,,domains
marathon.de,20000,USD,2022-12-31,dnjournal_ytd,,de
muse.me,20000,USD,2022-12-31,dnjournal_ytd,,me
fun.chat,20000,USD,2024-12-31,dnjournal_ytd,,chat
vollautomat.de,20000,USD,2021-12-31,dnjournal_ytd,,de
it.com.br,20000,USD,2022-12-31,dnjournal_ytd,,br
kernal.net,20000,USD,2024-12-31,dnjournal_ytd,,net
dust.xyz,20000,USD,2021-12-31,dnjournal_ytd,,xyz
merkursport.de,20000,USD,2020-12-31,dnjournal_ytd,,de
coin.news,20000,USD,2021-12-31,dnjournal_ytd,,news
metaverse.one,20000,USD,2021-12-31,dnjournal_ytd,,one
ui.link,20000,USD,2021-12-31,dnjournal_ytd,,link
kaffeemaschinen.de,20000,USD,2021-12-31,dnjournal_ytd,,de
prom.io,20000,USD,2022-12-31,dnjournal_ytd,,io
fanatics.ca,20000,USD,2020-12-31,dnjournal_ytd,,ca
stm.co,20000,USD,2022-12-31,dnjournal_ytd,,co
apes.io,20000,USD,2022-12-31,dnjournal_ytd,,io
dash.com.au,20000,USD,2022-12-31,dnjournal_ytd,,au
dara.co,20000,USD,2023-12-31,dnjournal_ytd,,co
rise.in,20000,USD,2022-12-31,dnjournal_ytd,,in
sowieso.de,20000,USD,2022-12-31,dnjournal_ytd,,de
founder.xyz,20000,USD,2022-12-31,dnjournal_ytd,,xyz
5g.org,20000,USD,2022-12-31,dnjournal_ytd,,org
psychedelic.xyz,20000,USD,2022-12-31,dnjournal_ytd,,xyz
fashion.net,20000,USD,2022-12-31,dnjournal_ytd,,net
coupons.at,20000,USD,2023-12-31,dnjournal_ytd,,at
her.co,20000,USD,2023-12-31,dnjournal_ytd,,co
nr1.de,20000,USD,2020-12-31,dnjournal_ytd,,de
sistems.de,20000,USD,2020-12-31,dnjournal_ytd,,de
insurance.law,19999,USD,2023-12-31,dnjournal_ytd,,law
shipping.ai,19999,USD,2023-12-31,dnjournal_ytd,,ai
pirate.io,19997,USD,2020-12-31,dnjournal_ytd,,io
til.co,19900,USD,2023-12-31,dnjournal_ytd,,co
crypto.chat,19900,USD,2021-12-31,dnjournal_ytd,,chat
cameo.xyz,19888,USD,2021-12-31,dnjournal_ytd,,xyz
unnamed.xyz,19888,USD,2023-12-31,dnjournal_ytd,,xyz
dragonfly.xyz,19888,USD,2021-12-31,dnjournal_ytd,,xyz
guild.xyz,19888,USD,2021-12-31,dnjournal_ytd,,xyz
runway.xyz,19888,USD,2021-12-31,dnjournal_ytd,,xyz
tez.co,19888,USD,2022-12-31,dnjournal_ytd,,co
ante.xyz,19888,USD,2021-12-31,dnjournal_ytd,,xyz
bailout.xyz,19888,USD,2022-12-31,dnjournal_ytd,,xyz
creator.xyz,19888,USD,2021-12-31,dnjournal_ytd,,xyz
loot.xyz,19888,USD,2021-12-31,dnjournal_ytd,,xyz
optics.xyz,19888,USD,2021-12-31,dnjournal_ytd,,xyz
power.pro,19888,USD,2021-12-31,dnjournal_ytd,,pro
smart.health,19625,USD,2024-12-31,dnjournal_ytd,,health
leonardodicaprio.org,19500,USD,2022-12-31,dnjournal_ytd,,org
pioneer.us,19500,USD,2023-12-31,dnjournal_ytd,,us
hoy.tv,19500,USD,2022-12-31,dnjournal_ytd,,tv
edelsteinschmuck.de,19140,USD,2020-12-31,dnjournal_ytd,,de
businessclass.net,19072,USD,2020-12-31,dnjournal_ytd,,net
ngo.org,19001,USD,2022-12-31,dnjournal_ytd,,org
access.me,19000,USD,2023-12-31,dnjournal_ytd,,me
jammer.net,19000,USD,2024-12-31,dnjournal_ytd,,net
3g.org,19000,USD,2022-12-31,dnjournal_ytd,,org
creator.app,19000,USD,2022-12-31,dnjournal_ytd,,app
offices.co,19000,USD,2020-12-31,dnjournal_ytd,,co
beanie.ai,18999,USD,2026-06-12,dnjournal,,ai
ibrinfo.org,18600,USD,2022-12-31,dnjournal_ytd,,org
coupons.co.uk,18500,USD,2023-12-31,dnjournal_ytd,,uk
friends.ai,18500,USD,2023-12-31,dnjournal_ytd,,ai
five.co,18500,USD,2020-12-31,dnjournal_ytd,,co
letitbit.net,18240,USD,2022-12-31,dnjournal_ytd,,net
carbon.network,18000,USD,2021-12-31,dnjournal_ytd,,network
carlease.co.uk,18000,USD,2023-12-31,dnjournal_ytd,,uk
perfect.net,18000,USD,2020-12-31,dnjournal_ytd,,net
capital.club,18000,USD,2022-12-31,dnjournal_ytd,,club
originals.xyz,18000,USD,2022-12-31,dnjournal_ytd,,xyz
riyadh.net,18000,USD,2023-12-31,dnjournal_ytd,,net
myst.net,18000,USD,2021-12-31,dnjournal_ytd,,net
jdi.org,18000,USD,2021-12-31,dnjournal_ytd,,org
steallantis.fr,18000,USD,2020-12-31,dnjournal_ytd,,fr
omni.network,18000,USD,2023-12-31,dnjournal_ytd,,network
oxygen.us,17999,USD,2020-12-31,dnjournal_ytd,,us
arisi.com,17795,USD,2026-06-14,dnjournal,,com
play.xyz,17770,USD,2023-12-31,dnjournal_ytd,,xyz
vhf.org,17750,USD,2024-12-31,dnjournal_ytd,,org
c114.net,17500,USD,2021-12-31,dnjournal_ytd,,net
wholesome.co,17500,USD,2020-12-31,dnjournal_ytd,,co
augment.org,17500,USD,2023-12-31,dnjournal_ytd,,org
pv.tv,17500,USD,2022-12-31,dnjournal_ytd,,tv
evolution.cloud,17500,USD,2024-12-31,dnjournal_ytd,,cloud
db.co,17500,USD,2022-12-31,dnjournal_ytd,,co
doggy.it,17400,USD,2026-06-11,dnjournal,Sedo,it
iw7.com,17400,USD,2026-06-11,dnjournal,Sedo,com
rehab.in,17000,USD,2020-12-31,dnjournal_ytd,,in
eth.ceo,17000,USD,2022-12-31,dnjournal_ytd,,ceo
trellis.xyz,17000,USD,2022-12-31,dnjournal_ytd,,xyz
homedo.fr,17000,USD,2020-12-31,dnjournal_ytd,,fr
wardrobes.co.uk,17000,USD,2022-12-31,dnjournal_ytd,,uk
hotpath.com,16995,USD,2026-06-13,dnjournal,Sedo,com
loca.ca,16850,USD,2022-12-31,dnjournal_ytd,,ca
vd.net,16800,USD,2021-12-31,dnjournal_ytd,,net
et.uk,16632,USD,2022-12-31,dnjournal_ytd,,uk
okrehab.org,16529,USD,2021-12-31,dnjournal_ytd,,org
learnnc.org,16505,USD,2021-12-31,dnjournal_ytd,,org
ax.net,16501,USD,2020-12-31,dnjournal_ytd,,net
topdesk.com.au,16500,USD,2020-12-31,dnjournal_ytd,,au
uanews.org,16500,USD,2022-12-31,dnjournal_ytd,,org
giftcard.in,16500,USD,2022-12-31,dnjournal_ytd,,in
scoretv.com,16240,USD,2026-06-11,dnjournal,Sedo,com
chinese.org,16000,USD,2020-12-31,dnjournal_ytd,,org
highereducation.org,16000,USD,2023-12-31,dnjournal_ytd,,org
glance.ai,16000,USD,2023-12-31,dnjournal_ytd,,ai
gates.org,16000,USD,2021-12-31,dnjournal_ytd,,org
cqaimh.org,16000,USD,2021-12-31,dnjournal_ytd,,org
gsm.be,16000,USD,2023-12-31,dnjournal_ytd,,be
celebrateamerica.org,15750,USD,2023-12-31,dnjournal_ytd,,org
digital.digital,15500,USD,2023-12-31,dnjournal_ytd,,digital
pc.org,15500,USD,2022-12-31,dnjournal_ytd,,org
qbts.ai,15500,USD,2026-06-12,dnjournal,,ai
cams.de,15243,USD,2020-12-31,dnjournal_ytd,,de
technology.eu,15100,USD,2020-12-31,dnjournal_ytd,,eu
reg.org,15088,USD,2022-12-31,dnjournal_ytd,,org
ela.net,15051,USD,2021-12-31,dnjournal_ytd,,net
naturwald.de,15000,USD,2020-12-31,dnjournal_ytd,,de
56.org,15000,USD,2023-12-31,dnjournal_ytd,,org
astrologie.fr,15000,USD,2022-12-31,dnjournal_ytd,,fr
s7.io,15000,USD,2022-12-31,dnjournal_ytd,,io
period.co,15000,USD,2020-12-31,dnjournal_ytd,,co
softly.org,15000,USD,2024-12-31,dnjournal_ytd,,org
bitcoin.academy,15000,USD,2024-12-31,dnjournal_ytd,,academy
blurb.co,15000,USD,2020-12-31,dnjournal_ytd,,co
trading.tv,15000,USD,2020-12-31,dnjournal_ytd,,tv
fortlauderdale.org,15000,USD,2024-12-31,dnjournal_ytd,,org
cs2.org,15000,USD,2024-12-31,dnjournal_ytd,,org
ai.tube,15000,USD,2023-12-31,dnjournal_ytd,,tube
desain.com,15000,USD,2026-06-13,dnjournal,Sedo,com
fitness.org,15000,USD,2023-12-31,dnjournal_ytd,,org
toy.ai,15000,USD,2023-12-31,dnjournal_ytd,,ai
superglue.io,15000,USD,2022-12-31,dnjournal_ytd,,io
art.us,15000,USD,2022-12-31,dnjournal_ytd,,us
mbel.shop,15000,USD,2021-12-31,dnjournal_ytd,,shop
descontos.com.br,15000,USD,2022-12-31,dnjournal_ytd,,br
utrace.de,15000,USD,2023-12-31,dnjournal_ytd,,de
segura.net,15000,USD,2023-12-31,dnjournal_ytd,,net
openlearning.in,15000,USD,2022-12-31,dnjournal_ytd,,in
bank.es,15000,USD,2022-12-31,dnjournal_ytd,,es
limitless.net,15000,USD,2021-12-31,dnjournal_ytd,,net
cuore.it,15000,USD,2020-12-31,dnjournal_ytd,,it
ceo.co,15000,USD,2023-12-31,dnjournal_ytd,,co
gara.ge,15000,USD,2022-12-31,dnjournal_ytd,,ge
web3.tv,15000,USD,2023-12-31,dnjournal_ytd,,tv
autoaz.de,15000,USD,2023-12-31,dnjournal_ytd,,de
print.app,15000,USD,2022-12-31,dnjournal_ytd,,app
gr.biz,15000,USD,2022-12-31,dnjournal_ytd,,biz
vpn.group,15000,USD,2022-12-31,dnjournal_ytd,,group
colours.tv,15000,USD,2022-12-31,dnjournal_ytd,,tv
in.biz,15000,USD,2022-12-31,dnjournal_ytd,,biz
medallion.co,15000,USD,2020-12-31,dnjournal_ytd,,co
ferienhaus-nordsee.de,15000,USD,2023-12-31,dnjournal_ytd,,de
capreit.ca,15000,USD,2020-12-31,dnjournal_ytd,,ca
bourbon.vc,15000,USD,2023-12-31,dnjournal_ytd,,vc
cityofseattle.net,15000,USD,2022-12-31,dnjournal_ytd,,net
nimbus.co,15000,USD,2023-12-31,dnjournal_ytd,,co
impfcheck.de,15000,USD,2022-12-31,dnjournal_ytd,,de
livesport.com.br,15000,USD,2022-12-31,dnjournal_ytd,,br
design.ae,15000,USD,2022-12-31,dnjournal_ytd,,ae
leader.net,15000,USD,2021-12-31,dnjournal_ytd,,net
bde.co,15000,USD,2023-12-31,dnjournal_ytd,,co
vale.net,15000,USD,2021-12-31,dnjournal_ytd,,net
boycott.org,15000,USD,2020-12-31,dnjournal_ytd,,org
simple.cloud,15000,USD,2020-12-31,dnjournal_ytd,,cloud
h.energy,15000,USD,2020-12-31,dnjournal_ytd,,energy
yhxc.net,15000,USD,2020-12-31,dnjournal_ytd,,net
ln.law,14999,USD,2023-12-31,dnjournal_ytd,,law
jm.law,14999,USD,2024-12-31,dnjournal_ytd,,law
va.law,14999,USD,2024-12-31,dnjournal_ytd,,law
tc.law,14999,USD,2024-12-31,dnjournal_ytd,,law
gms.net,14999,USD,2023-12-31,dnjournal_ytd,,net
aprende.es,14999,USD,2022-12-31,dnjournal_ytd,,es
hf.law,14999,USD,2023-12-31,dnjournal_ytd,,law
lebo.tv,14998,USD,2022-12-31,dnjournal_ytd,,tv
unicorn.io,14988,USD,2020-12-31,dnjournal_ytd,,io
auto.biz,14900,USD,2021-12-31,dnjournal_ytd,,biz
rejuvenation.net,14888,USD,2024-12-31,dnjournal_ytd,,net
conviction.xyz,14888,USD,2022-12-31,dnjournal_ytd,,xyz
overlord.xyz,14888,USD,2022-12-31,dnjournal_ytd,,xyz
croissant.xyz,14888,USD,2022-12-31,dnjournal_ytd,,xyz
embed.xyz,14888,USD,2021-12-31,dnjournal_ytd,,xyz
evermore.xyz,14888,USD,2022-12-31,dnjournal_ytd,,xyz
beem.xyz,14888,USD,2022-12-31,dnjournal_ytd,,xyz
psyop.org,14888,USD,2023-12-31,dnjournal_ytd,,org
boolean.xyz,14888,USD,2022-12-31,dnjournal_ytd,,xyz
common.xyz,14888,USD,2021-12-31,dnjournal_ytd,,xyz
daylight.xyz,14888,USD,2021-12-31,dnjournal_ytd,,xyz
mercator.net,14888,USD,2021-12-31,dnjournal_ytd,,net
pcu.ca,14500,USD,2023-12-31,dnjournal_ytd,,ca
inhalants.org,14500,USD,2020-12-31,dnjournal_ytd,,org
propeller.io,14500,USD,2020-12-31,dnjournal_ytd,,io
rwr.org,14500,USD,2021-12-31,dnjournal_ytd,,org
testimonial.de,14500,USD,2022-12-31,dnjournal_ytd,,de
conjure.co,14500,USD,2020-12-31,dnjournal_ytd,,co
siv.org,14500,USD,2022-12-31,dnjournal_ytd,,org
aeon.life,14500,USD,2024-12-31,dnjournal_ytd,,life
eaw.org,14500,USD,2024-12-31,dnjournal_ytd,,org
ewn.org,14500,USD,2024-12-31,dnjournal_ytd,,org
npc.app,14482,USD,2023-12-31,dnjournal_ytd,,app
replay.com.au,14454,USD,2023-12-31,dnjournal_ytd,,au
aircon.co.uk,14400,USD,2020-12-31,dnjournal_ytd,,uk
eth.digital,14199,USD,2021-12-31,dnjournal_ytd,,digital
nge.ca,14012,USD,2022-12-31,dnjournal_ytd,,ca
cont.eu,14000,USD,2023-12-31,dnjournal_ytd,,eu
luxury.io,14000,USD,2020-12-31,dnjournal_ytd,,io
esourceresearch.org,14000,USD,2021-12-31,dnjournal_ytd,,org
backer.org,14000,USD,2021-12-31,dnjournal_ytd,,org
republic.de,13920,USD,2020-12-31,dnjournal_ytd,,de
sport.social,13900,USD,2023-12-31,dnjournal_ytd,,social
practs.com,13888,USD,2026-06-12,dnjournal,,com
y.at,13750,USD,2020-12-31,dnjournal_ytd,,at
dogecoin.org,13700,USD,2021-12-31,dnjournal_ytd,,org
vas.net,13532,USD,2024-12-31,dnjournal_ytd,,net
lucky.me,13500,USD,2023-12-31,dnjournal_ytd,,me
themarket.eu,13500,USD,2020-12-31,dnjournal_ytd,,eu
better.io,13500,USD,2023-12-31,dnjournal_ytd,,io
lgbt.net,13490,USD,2023-12-31,dnjournal_ytd,,net
vale.mx,13310,USD,2020-12-31,dnjournal_ytd,,mx
walkingforhealth.org.uk,13250,USD,2023-12-31,dnjournal_ytd,,uk
pillow.de,13225,USD,2026-06-13,dnjournal,Sedo,de
riggs.org,13125,USD,2024-12-31,dnjournal_ytd,,org
church.sucks,13000,USD,2024-12-31,dnjournal_ytd,,sucks
om.global,13000,USD,2023-12-31,dnjournal_ytd,,global
blackhole.xyz,13000,USD,2024-12-31,dnjournal_ytd,,xyz
wilde.xyz,13000,USD,2021-12-31,dnjournal_ytd,,xyz
rl.org,13000,USD,2021-12-31,dnjournal_ytd,,org
izi.co,13000,USD,2020-12-31,dnjournal_ytd,,co
sudoku.de,13000,USD,2022-12-31,dnjournal_ytd,,de
stem.eu,12999,USD,2022-12-31,dnjournal_ytd,,eu
mux.org,12999,USD,2021-12-31,dnjournal_ytd,,org
lumen.eu,12999,USD,2020-12-31,dnjournal_ytd,,eu
blt.de,12900,USD,2023-12-31,dnjournal_ytd,,de
blackthorn.xyz,12888,USD,2024-12-31,dnjournal_ytd,,xyz
tilted.xyz,12888,USD,2024-12-31,dnjournal_ytd,,xyz
ole.de,12750,USD,2023-12-31,dnjournal_ytd,,de
nectac.org,12732,USD,2020-12-31,dnjournal_ytd,,org
americanpainsociety.org,12701,USD,2023-12-31,dnjournal_ytd,,org
kompozer.com,12700,USD,2020-12-31,dnjournal_ytd,,com
it.gr,12600,USD,2022-12-31,dnjournal_ytd,,gr
emn.org,12500,USD,2021-12-31,dnjournal_ytd,,org
ckh.org,12500,USD,2020-12-31,dnjournal_ytd,,org
udx.org,12500,USD,2021-12-31,dnjournal_ytd,,org
forum.co,12500,USD,2022-12-31,dnjournal_ytd,,co
motel.de,12500,USD,2022-12-31,dnjournal_ytd,,de
parrot.co,12500,USD,2022-12-31,dnjournal_ytd,,co
lpm.org,12500,USD,2020-12-31,dnjournal_ytd,,org
sa.global,12500,USD,2020-12-31,dnjournal_ytd,,global
calculators.net,12500,USD,2020-12-31,dnjournal_ytd,,net
disability.law,12500,USD,2023-12-31,dnjournal_ytd,,law
otw.org,12500,USD,2023-12-31,dnjournal_ytd,,org
therapieliege.de,12500,USD,2023-12-31,dnjournal_ytd,,de
todolist.io,12500,USD,2022-12-31,dnjournal_ytd,,io
yjhfw.net,12500,USD,2021-12-31,dnjournal_ytd,,net
burn.art,12500,USD,2021-12-31,dnjournal_ytd,,art
youjuyouzhu.net,12400,USD,2020-12-31,dnjournal_ytd,,net
zhushangfang.net,12400,USD,2020-12-31,dnjournal_ytd,,net
libaixiao.org,12400,USD,2021-12-31,dnjournal_ytd,,org
yat.net,12388,USD,2021-12-31,dnjournal_ytd,,net
goat.fi,12299,USD,2023-12-31,dnjournal_ytd,,fi
skincare.net,12200,USD,2020-12-31,dnjournal_ytd,,net
bitcoinmovie.com,12000,USD,2026-06-13,dnjournal,,com
dc.ag,12000,USD,2020-12-31,dnjournal_ytd,,ag
bolsa.mx,12000,USD,2022-12-31,dnjournal_ytd,,mx
wwhs.de,12000,USD,2020-12-31,dnjournal_ytd,,de
fairplay.online,12000,USD,2023-12-31,dnjournal_ytd,,online
miss.xxx,12000,USD,2021-12-31,dnjournal_ytd,,xxx
paid.in,12000,USD,2022-12-31,dnjournal_ytd,,in
devisenhandel.de,12000,USD,2020-12-31,dnjournal_ytd,,de
bringo.co.uk,12000,USD,2020-12-31,dnjournal_ytd,,uk
termine.ch,12000,USD,2023-12-31,dnjournal_ytd,,ch
foryou.de,12000,USD,2020-12-31,dnjournal_ytd,,de
casinopro.net,12000,USD,2024-12-31,dnjournal_ytd,,net
csa.co,12000,USD,2020-12-31,dnjournal_ytd,,co
parrot.us,12000,USD,2023-12-31,dnjournal_ytd,,us
dominion.fr,12000,USD,2023-12-31,dnjournal_ytd,,fr
com.review,12000,USD,2020-12-31,dnjournal_ytd,,review
e-bikes.de,12000,USD,2022-12-31,dnjournal_ytd,,de
kolobezky.sk,12000,USD,2023-12-31,dnjournal_ytd,,sk
ipad.nl,12000,USD,2023-12-31,dnjournal_ytd,,nl
heidi.ch,12000,USD,2022-12-31,dnjournal_ytd,,ch
web3.bot,12000,USD,2024-12-31,dnjournal_ytd,,bot
service.eu,12000,USD,2023-12-31,dnjournal_ytd,,eu
asahi.net,11900,USD,2020-12-31,dnjournal_ytd,,net
parkour.de,11900,USD,2020-12-31,dnjournal_ytd,,de
wtm.de,11888,USD,2023-12-31,dnjournal_ytd,,de
catalog.org,11800,USD,2024-12-31,dnjournal_ytd,,org
era.app,11650,USD,2023-12-31,dnjournal_ytd,,app
vk.org,11611,USD,2024-12-31,dnjournal_ytd,,org
pan.de,11600,USD,2020-12-31,dnjournal_ytd,,de
21ccom.net,11576,USD,2021-12-31,dnjournal_ytd,,net
sparkprogram.org,11550,USD,2023-12-31,dnjournal_ytd,,org
svapo.it,11500,USD,2026-06-14,dnjournal,Sedo,it
via.co.za,11500,USD,2023-12-31,dnjournal_ytd,,za
assets.org,11016,USD,2021-12-31,dnjournal_ytd,,org
fhe.org,11000,USD,2020-12-31,dnjournal_ytd,,org
vivo.bet,11000,USD,2023-12-31,dnjournal_ytd,,bet
thailand.org,11000,USD,2024-12-31,dnjournal_ytd,,org
slaapbank.nl,11000,USD,2023-12-31,dnjournal_ytd,,nl
compass.eu,11000,USD,2022-12-31,dnjournal_ytd,,eu
elektoroller.de,11000,USD,2023-12-31,dnjournal_ytd,,de
zck.org,10888,USD,2021-12-31,dnjournal_ytd,,org
jack.art,10800,USD,2023-12-31,dnjournal_ytd,,art
concept.art,10800,USD,2023-12-31,dnjournal_ytd,,art
jpg.art,10764,USD,2021-12-31,dnjournal_ytd,,art
nta.nl,10750,USD,2023-12-31,dnjournal_ytd,,nl
energy.tv,10750,USD,2022-12-31,dnjournal_ytd,,tv
hfrp.org,10600,USD,2023-12-31,dnjournal_ytd,,org
paradigm.org,10588,USD,2023-12-31,dnjournal_ytd,,org
recombinant.org,10535,USD,2023-12-31,dnjournal_ytd,,org
bra.co.uk,10501,USD,2020-12-31,dnjournal_ytd,,uk
ncvc.org,10500,USD,2020-12-31,dnjournal_ytd,,org
identify.org,10500,USD,2024-12-31,dnjournal_ytd,,org
psychotherapy.org,10333,USD,2020-12-31,dnjournal_ytd,,org
ps.org,10318,USD,2020-12-31,dnjournal_ytd,,org
icra.org,10249,USD,2023-12-31,dnjournal_ytd,,org
recall.org,10249,USD,2023-12-31,dnjournal_ytd,,org
galaxy.org,10100,USD,2020-12-31,dnjournal_ytd,,org
mockmain.net,10100,USD,2020-12-31,dnjournal_ytd,,net
ht.net,10100,USD,2023-12-31,dnjournal_ytd,,net
linda.co,10000,USD,2023-12-31,dnjournal_ytd,,co
scriptures.org,10000,USD,2023-12-31,dnjournal_ytd,,org
asia.casino,10000,USD,2020-12-31,dnjournal_ytd,,casino
g.fashion,10000,USD,2023-12-31,dnjournal_ytd,,fashion
sugar.baby,10000,USD,2020-12-31,dnjournal_ytd,,baby
yjjt.org,10000,USD,2020-12-31,dnjournal_ytd,,org
bump.co.uk,10000,USD,2023-12-31,dnjournal_ytd,,uk
ordinal.market,10000,USD,2023-12-31,dnjournal_ytd,,market
via.eu,10000,USD,2023-12-31,dnjournal_ytd,,eu
statesattorney.org,10000,USD,2020-12-31,dnjournal_ytd,,org
ipfs.org,10000,USD,2020-12-31,dnjournal_ytd,,org
x.gl,10000,USD,2020-12-31,dnjournal_ytd,,gl
mychoice.org,10000,USD,2023-12-31,dnjournal_ytd,,org
ordinals.market,10000,USD,2023-12-31,dnjournal_ytd,,market
wow.art,10000,USD,2023-12-31,dnjournal_ytd,,art
wealth.net,10000,USD,2023-12-31,dnjournal_ytd,,net
saleh.net,10000,USD,2020-12-31,dnjournal_ytd,,net
global.art,10000,USD,2024-12-31,dnjournal_ytd,,art
energy.law,10000,USD,2024-12-31,dnjournal_ytd,,law
link.xyz,10000,USD,2024-12-31,dnjournal_ytd,,xyz
under.net,10000,USD,2024-12-31,dnjournal_ytd,,net
blog.link,10000,USD,2024-12-31,dnjournal_ytd,,link
michael.art,10000,USD,2024-12-31,dnjournal_ytd,,art
virtual.art,10000,USD,2024-12-31,dnjournal_ytd,,art
360.shop,10000,USD,2023-12-31,dnjournal_ytd,,shop
harmony.cloud,10000,USD,2024-12-31,dnjournal_ytd,,cloud
mia.xyz,10000,USD,2024-12-31,dnjournal_ytd,,xyz
narita.net,10000,USD,2024-12-31,dnjournal_ytd,,net
swish.app,10000,USD,2024-12-31,dnjournal_ytd,,app
pay.express,10000,USD,2024-12-31,dnjournal_ytd,,express
craft.pro,10000,USD,2023-12-31,dnjournal_ytd,,pro
chemicals.org,10000,USD,2024-12-31,dnjournal_ytd,,org
vacationrentals.info,10000,USD,2024-12-31,dnjournal_ytd,,info
yjyzw.net,9999,USD,2020-12-31,dnjournal_ytd,,net
plus.bet,9999,USD,2024-12-31,dnjournal_ytd,,bet
yjzg.net,9999,USD,2020-12-31,dnjournal_ytd,,net
uni.finance,9999,USD,2020-12-31,dnjournal_ytd,,finance
vn.vip,9999,USD,2023-12-31,dnjournal_ytd,,vip
seven.bet,9999,USD,2024-12-31,dnjournal_ytd,,bet
indypress.org,9950,USD,2023-12-31,dnjournal_ytd,,org
h2.nrw,9921,USD,2024-12-31,dnjournal_ytd,,nrw
audio.net,9900,USD,2023-12-31,dnjournal_ytd,,net
cpf.net,9900,USD,2020-12-31,dnjournal_ytd,,net
okapi.xyz,9888,USD,2023-12-31,dnjournal_ytd,,xyz
phoenix.trade,9888,USD,2023-12-31,dnjournal_ytd,,trade
mesh.xyz,9888,USD,2020-12-31,dnjournal_ytd,,xyz
raven.pro,9888,USD,2024-12-31,dnjournal_ytd,,pro
frontier.xyz,9888,USD,2020-12-31,dnjournal_ytd,,xyz
religioustolerance.org,9805,USD,2023-12-31,dnjournal_ytd,,org
hima.xyz,9800,USD,2023-12-31,dnjournal_ytd,,xyz
fwt.org,9800,USD,2023-12-31,dnjournal_ytd,,org
amk.net,9800,USD,2020-12-31,dnjournal_ytd,,net
ckb.org,9800,USD,2020-12-31,dnjournal_ytd,,org
delo.org,9540,USD,2023-12-31,dnjournal_ytd,,org
liftoff.xyz,9500,USD,2023-12-31,dnjournal_ytd,,xyz
push.bike,9500,USD,2023-12-31,dnjournal_ytd,,bike
nftauditor.org,9500,USD,2023-12-31,dnjournal_ytd,,org
farming.org,9500,USD,2020-12-31,dnjournal_ytd,,org
snd.de,9200,USD,2026-06-12,dnjournal,,de
jac.org,9188,USD,2024-12-31,dnjournal_ytd,,org
hd.poker,9100,USD,2020-12-31,dnjournal_ytd,,poker
mv.health,9000,USD,2024-12-31,dnjournal_ytd,,health
riverbend.net,9000,USD,2020-12-31,dnjournal_ytd,,net
yjjt.info,9000,USD,2020-12-31,dnjournal_ytd,,info
insuranceclaim.net,9000,USD,2020-12-31,dnjournal_ytd,,net
dating.group,9000,USD,2020-12-31,dnjournal_ytd,,group
whatnot.net,9000,USD,2024-12-31,dnjournal_ytd,,net
gmsh.org,9000,USD,2023-12-31,dnjournal_ytd,,org
mein.deal,9000,USD,2024-12-31,dnjournal_ytd,,deal
gxyjjt.org,9000,USD,2020-12-31,dnjournal_ytd,,org
gr.health,9000,USD,2024-12-31,dnjournal_ytd,,health
flexa.xyz,8950,USD,2023-12-31,dnjournal_ytd,,xyz
profit.link,8900,USD,2023-12-31,dnjournal_ytd,,link
chatgpt.net,8900,USD,2023-12-31,dnjournal_ytd,,net
destiny.xyz,8895,USD,2020-12-31,dnjournal_ytd,,xyz
chinagoods.net,8888,USD,2020-12-31,dnjournal_ytd,,net
marilyn.org,8800,USD,2023-12-31,dnjournal_ytd,,org
ejt.org,8800,USD,2023-12-31,dnjournal_ytd,,org
narra.org,8800,USD,2026-06-14,dnjournal,,org
jii.org,8800,USD,2023-12-31,dnjournal_ytd,,org
waverley.org,8800,USD,2020-12-31,dnjournal_ytd,,org
atria.org,8800,USD,2020-12-31,dnjournal_ytd,,org
jho.org,8800,USD,2020-12-31,dnjournal_ytd,,org
americanhs.org,8750,USD,2020-12-31,dnjournal_ytd,,org
htf.nl,8700,USD,2026-06-11,dnjournal,,nl
xh.de,8625,USD,2026-06-11,dnjournal,Sedo,de
sports.si,8625,USD,2026-06-13,dnjournal,Sedo,si
newyorkhotels.org,8610,USD,2024-12-31,dnjournal_ytd,,org
aura.life,8500,USD,2020-12-31,dnjournal_ytd,,life
cricket.bet,8500,USD,2020-12-31,dnjournal_ytd,,bet
47brand.jp,8500,USD,2026-06-13,dnjournal,Sedo,jp
med.org,8500,USD,2020-12-31,dnjournal_ytd,,org
breathworks.org,8495,USD,2020-12-31,dnjournal_ytd,,org
ready.global,8400,USD,2020-12-31,dnjournal_ytd,,global
cinema.net,8253,USD,2020-12-31,dnjournal_ytd,,net
je.net,8250,USD,2020-12-31,dnjournal_ytd,,net
keez.it,8236,USD,2026-06-11,dnjournal,Sedo,it
tlg.co.uk,8120,USD,2026-06-11,dnjournal,,uk
singles.club,8100,USD,2020-12-31,dnjournal_ytd,,club
fis.global,8000,USD,2020-12-31,dnjournal_ytd,,global
lunau.xyz,8000,USD,2026-06-12,dnjournal,Sedo,xyz
tech.global,8000,USD,2020-12-31,dnjournal_ytd,,global
fantasy.club,8000,USD,2020-12-31,dnjournal_ytd,,club
bitcoin.global,8000,USD,2020-12-31,dnjournal_ytd,,global
collective.space,8000,USD,2020-12-31,dnjournal_ytd,,space
one.link,8000,USD,2020-12-31,dnjournal_ytd,,link
mermaid.net,7999,USD,2020-12-31,dnjournal_ytd,,net
trustledger.ai,7952,USD,2026-06-13,dnjournal,,ai
bitz.ai,7763,USD,2026-06-12,dnjournal,Sedo,ai
newamericancentury.org,7700,USD,2020-12-31,dnjournal_ytd,,org
houston.life,7500,USD,2020-12-31,dnjournal_ytd,,life
tambourine.org,7500,USD,2020-12-31,dnjournal_ytd,,org
austin.life,7500,USD,2020-12-31,dnjournal_ytd,,life
3m.club,7500,USD,2020-12-31,dnjournal_ytd,,club
security.academy,7500,USD,2020-12-31,dnjournal_ytd,,academy
civ.org,7500,USD,2020-12-31,dnjournal_ytd,,org
ftw.org,7500,USD,2020-12-31,dnjournal_ytd,,org
wealth.club,7500,USD,2020-12-31,dnjournal_ytd,,club
wallet.live,7500,USD,2020-12-31,dnjournal_ytd,,live
dvo.nl,7475,USD,2026-06-12,dnjournal,,nl
uxv.de,7300,USD,2020-12-31,dnjournal_ytd,,de
building.cloud,7000,USD,2020-12-31,dnjournal_ytd,,cloud
writer.app,7000,USD,2020-12-31,dnjournal_ytd,,app
wwh.net,6800,USD,2020-12-31,dnjournal_ytd,,net
robinsons.co.uk,6650,USD,2026-06-13,dnjournal,,uk
diagram.now,6600,USD,2026-06-13,dnjournal,,now
baute.de,5750,USD,2026-06-14,dnjournal,Sedo,de
hermat.com,4999,USD,2026-06-13,dnjournal,,com
cardinallaw.com,4995,USD,2026-06-12,dnjournal,,com
neptunepool.com,4995,USD,2026-06-12,dnjournal,,com
meshgpt.com,4995,USD,2026-06-12,dnjournal,,com
chatdrop.com,4960,USD,2026-06-12,dnjournal,,com
crnvr.com,4950,USD,2026-06-12,dnjournal,,com
innerboard.com,4888,USD,2026-06-14,dnjournal,,com
aaaaaaaa.com,4800,USD,2026-06-12,dnjournal,,com
vaoz.com,4800,USD,2026-06-14,dnjournal,,com
learnkart.com,4700,USD,2026-06-13,dnjournal,,com
spryspace.com,4595,USD,2026-06-13,dnjournal,,com
whitefox.cn,4500,USD,2026-06-12,dnjournal,,cn
hikery.com,4500,USD,2026-06-12,dnjournal,,com
dialdelivery.com,4499,USD,2026-06-12,dnjournal,,com
brainports.com,4499,USD,2026-06-13,dnjournal,,com
jacot.eu,4485,USD,2026-06-14,dnjournal,,eu
annosa.com,4395,USD,2026-06-13,dnjournal,,com
parivo.com,4395,USD,2026-06-14,dnjournal,,com
lucera.eu,4370,USD,2026-06-14,dnjournal,,eu
mindcrate.com,4328,USD,2026-06-12,dnjournal,,com
owlscout.com,4249,USD,2026-06-13,dnjournal,,com
pvphq.com,4200,USD,2026-06-12,dnjournal,,com
verbago.com,4200,USD,2026-06-14,dnjournal,,com
prosperagent.com,4199,USD,2026-06-14,dnjournal,,com
simpleslot.com,4199,USD,2026-06-13,dnjournal,,com
veloskin.com,4199,USD,2026-06-13,dnjournal,,com
neohype.com,4121,USD,2026-06-13,dnjournal,,com
oryka.com,4095,USD,2026-06-13,dnjournal,,com
aurea.nl,4025,USD,2026-06-13,dnjournal,,nl
opcon.eu,4024,USD,2026-06-14,dnjournal,,eu
assaulted.com,4000,USD,2026-06-12,dnjournal,,com
pixelcrew.com,4000,USD,2026-06-14,dnjournal,,com
storlytics.com,3999,USD,2026-06-12,dnjournal,,com
saddle.net,3999,USD,2026-06-13,dnjournal,Sedo,net
baufreunde.de,3969,USD,2026-06-13,dnjournal,,de
exrg.com,3911,USD,2026-06-14,dnjournal,,com
gamepult.com,3900,USD,2026-06-12,dnjournal,,com
managedagent.com,3896,USD,2026-06-14,dnjournal,,com
uailabs.com,3888,USD,2026-06-14,dnjournal,,com
leadsmax.com,3852,USD,2026-06-13,dnjournal,,com
renovasi.com,3850,USD,2026-06-13,dnjournal,,com
aurify.com,3800,USD,2026-06-12,dnjournal,,com
hotfriday.com,3799,USD,2026-06-12,dnjournal,,com
mountee.com,3799,USD,2026-06-12,dnjournal,,com
montagepartner.de,3794,USD,2026-06-12,dnjournal,,de
letsenroll.com,3750,USD,2026-06-12,dnjournal,,com
corecopy.com,3750,USD,2026-06-12,dnjournal,,com
aiworkstations.com,3749,USD,2026-06-13,dnjournal,,com
stock.si,3738,USD,2026-06-13,dnjournal,,si
open.social,3738,USD,2026-06-14,dnjournal,Sedo,social
brunchy.com,3738,USD,2026-06-14,dnjournal,,com
hotelpertutti.it,3696,USD,2026-06-12,dnjournal,,it
forpes.com,3688,USD,2026-06-14,dnjournal,,com
new.si,3680,USD,2026-06-13,dnjournal,,si
unternehmensbewertung.ch,3669,USD,2026-06-13,dnjournal,,ch
trippify.com,3658,USD,2026-06-12,dnjournal,,com
ionicorder.com,3650,USD,2026-06-13,dnjournal,,com
verdira.com,3614,USD,2026-06-12,dnjournal,,com
vantridge.com,3504,USD,2026-06-14,dnjournal,,com
leadingmatters.com,3500,USD,2026-06-14,dnjournal,,com
anviora.com,3499,USD,2026-06-13,dnjournal,,com
growthian.com,3499,USD,2026-06-13,dnjournal,,com
voyaly.com,3499,USD,2026-06-13,dnjournal,,com
sigvi.com,3499,USD,2026-06-12,dnjournal,,com
ruedesevres.com,3450,USD,2026-06-13,dnjournal,,com
donami.com,3450,USD,2026-06-13,dnjournal,,com
tmat.cn,3450,USD,2026-06-14,dnjournal,,cn
byte.si,3450,USD,2026-06-14,dnjournal,,si
skin1004.cn,3450,USD,2026-06-14,dnjournal,,cn
zmat.de,3450,USD,2026-06-14,dnjournal,,de
safegpt.eu,3449,USD,2026-06-14,dnjournal,,eu
security.si,3449,USD,2026-06-12,dnjournal,,si
worldseek.com,3378,USD,2026-06-12,dnjournal,,com
luckytiger.co.uk,3325,USD,2026-06-12,dnjournal,,uk
alphaangle.com,3311,USD,2026-06-12,dnjournal,,com
rareon.com,3299,USD,2026-06-12,dnjournal,,com
mercadinho.pt,3282,USD,2026-06-14,dnjournal,,pt
dyno.io,3278,USD,2026-06-14,dnjournal,,io
house.si,3220,USD,2026-06-14,dnjournal,,si
agenticexposure.com,3119,USD,2026-06-14,dnjournal,,com
propaan.com,3116,USD,2026-06-14,dnjournal,,com
burkinshaw.com,3000,USD,2026-06-12,dnjournal,,com
eyeball.group,3000,USD,2026-06-14,dnjournal,Sedo,group
mavsbasketball.com,3000,USD,2026-06-14,dnjournal,,com
fara.day,2999,USD,2026-06-13,dnjournal,Sedo,day
grapps.com,2995,USD,2026-06-13,dnjournal,,com
lucky.live,2988,USD,2026-06-12,dnjournal,Sedo,live
clone.fr,2875,USD,2026-06-13,dnjournal,,fr
happy.cl,2875,USD,2026-06-12,dnjournal,,cl
totemanimal.org,2875,USD,2026-06-14,dnjournal,Sedo,org
priventa.de,2842,USD,2026-06-13,dnjournal,,de
recruit.be,2818,USD,2026-06-14,dnjournal,,be
vintage.ae,2760,USD,2026-06-14,dnjournal,,ae
military.lv,2668,USD,2026-06-12,dnjournal,,lv
ivy.one,2500,USD,2026-06-14,dnjournal,Sedo,one
kanzleiwebseite.de,2461,USD,2026-06-14,dnjournal,,de
pulsa.eu,2300,USD,2026-06-14,dnjournal,,eu
bonus.rs,2300,USD,2026-06-14,dnjournal,,rs
mb.cl,2300,USD,2026-06-13,dnjournal,,cl
mallorca-guide.de,2207,USD,2026-06-12,dnjournal,,de
traded.net,2199,USD,2026-06-13,dnjournal,,net
vematec.nl,2064,USD,2026-06-14,dnjournal,,nl
waldfreunde.de,2048,USD,2026-06-13,dnjournal,,de
esdc.eu,2013,USD,2026-06-14,dnjournal,,eu
bowstring.net,1980,USD,2026-06-14,dnjournal,,net
vidar.ch,1898,USD,2026-06-13,dnjournal,,ch
psychodynamik.de,1889,USD,2026-06-12,dnjournal,,de
china.ie,1868,USD,2026-06-12,dnjournal,,ie
maas.be,1801,USD,2026-06-14,dnjournal,,be
lyv.be,1725,USD,2026-06-12,dnjournal,,be
alhena.fr,1724,USD,2026-06-12,dnjournal,,fr
sini.co.uk,1506,USD,2026-06-14,dnjournal,,uk
windt.nl,1438,USD,2026-06-13,dnjournal,,nl
groenopdak.nl,1409,USD,2026-06-12,dnjournal,,nl
pyra.uk,1330,USD,2026-06-14,dnjournal,,uk
maatschap.nl,1323,USD,2026-06-14,dnjournal,,nl
klussen.be,1323,USD,2026-06-14,dnjournal,,be
pflegepunkt.de,1150,USD,2026-06-12,dnjournal,,de
liebenswert.at,1150,USD,2026-06-14,dnjournal,,at
bodywise.ch,1150,USD,2026-06-13,dnjournal,,ch
triton.it,1150,USD,2026-06-12,dnjournal,,it
afix.be,1144,USD,2026-06-14,dnjournal,,be
naama.fr,1144,USD,2026-06-12,dnjournal,,fr
maenhout.be,1121,USD,2026-06-14,dnjournal,,be
onigiri.nl,1093,USD,2026-06-13,dnjournal,,nl
fruits.co,20,USD,2026-06-14,dnjournal,Sedo,co
